Area,Oxygen,Temperature,Humidity,Fire Occurrence
Kotagiri,5,19,52,1
Ladakh,8,26,59,1
Andaman,6,22,63,0
Jim,9,26,59,1
Silent,8,27,65,1
Gokarna,7,23,55,0
JimCorbett,5,23,60,0
Silent,8,26,63,1
Hampi,6,21,55,0
Hampi,7,19,63,1
Puri,8,25,63,1
Dhanushkodi,5,22,55,0
Mumbai,7,22,57,0
Manali,8,24,63,1
Loktak Lake,9,27,58,1
Sundarbans,6,19,54,0
Hampi,8,23,55,0
Zanskar,5,22,53,1
Lakshadweep,5,25,58,1
Rajkot,8,26,64,1
Hemis,7,27,62,1
Ooty,15,26,62,1
Dawki,5,19,53,0
Kumarakom,9,24,63,1
Namdapha,6,19,53,0
Kumarakom,6,23,59,0
Valley,7,23,65,1
Periyar,5,23,59,0
Kumarakom,5,23,56,0
Jim,8,26,62,1
Kasol,8,26,59,1
Gavi,7,24,62,1
Ranikhet,6,28,58,1
Kodaikanal,5,21,57,1
Kudremukh,6,25,58,0
Hampi,6,26,64,0
Silent,5,23,58,0
Kanyakumari,6,21,52,0
Jaipur,8,27,64,1
Kabini,6,26,62,1
Chikhaldara,6,25,62,1
Kanha,7,26,63,1
Puri,6,23,56,0
Shillong,5,21,59,0
Tawang,8,24,62,1
Pulicat,9,23,59,1
Kabini,9,25,62,1
Kumarakom,6,19,53,0
Gokarna,5,23,54,0
Gokarna,7,23,62,0
Jim Corbett Nationa,8,27,59,1
Nainital,5,20,63,0
Periyar,7,26,56,1
Ladakh,5,22,57,0
Pahalgam,6,25,59,1
Sunderbans,6,21,63,1
Jog,6,25,61,0
Neil,9,25,62,0
Kutch,7,24,60,0
Udaipur,7,25,61,1
Pachmarhi,6,25,62,1
Mandu,6,23,54,0
Kalimpong,6,22,65,0
Andaman,6,20,53,1
Varanasi,6,26,54,0
Silent,8,22,59,1
Gokarna,5,19,58,0
Kaziranga,7,19,52,0
Tarkarli,8,24,61,1
Thekkady,6,20,52,0
Kotagiri,5,23,56,0
Gangtok,7,26,54,1
Valparai,6,23,59,0
Hogenakkal,5,19,53,0
Jim Corbett Nationa,6,20,53,0
Gavi,6,21,53,0
Kaziranga,5,19,52,0
Bhimbetka,8,22,55,0
Wayanad,6,27,59,0
Kumarakom,7,21,52,0
Dzukou,6,19,55,0
Tawang,5,21,56,0
Yelagiri,7,20,64,1
Gokarna,6,25,58,0
Kodaikanal,10,26,58,1
Coonoor,6,21,54,0
Kaziranga,6,19,60,0
Zanskar,5,19,56,0
Loktak Lake,7,25,60,1
Agra,9,26,64,1
Panna,8,25,59,1
Thekkady,5,20,56,0
Tadoba,9,26,60,1
Athirapally,5,21,52,0
Nainital,5,19,54,1
Sundarbans,5,26,59,0
Dawki,8,26,64,1
Pichavaram,6,19,55,0
Gandikota,6,19,54,0
Jaipur,16,26,59,1
Hampi,5,22,58,0
Agra,6,21,61,0
Kumarakom,7,21,52,0
Rajasthan,8,26,64,1
Pachmarhi,6,19,58,1
Kotagiri,6,22,62,0
Ladakh,7,24,62,1
Khajuraho,7,27,61,1
Dandeli,5,19,57,0
Kaziranga,7,19,54,0
Kumarakom,5,26,63,1
Panna,8,27,63,1
Nubra,5,24,53,0
Hemis,6,19,54,0
Mandu,8,21,54,1
Pachmarhi,5,20,59,0
Hemis,5,23,52,0
PenchPark,7,28,59,1
Nagzira,6,25,59,1
Pushkar,9,25,62,1
Sunderbans,5,24,57,0
Kolad,5,21,53,0
Ranikhet,9,23,59,1
Ranthambore,8,28,56,0
Kaziranga,6,21,54,0
Jaisalmer,6,25,58,1
Alleppey,7,27,60,1
Bhimbetka,6,25,63,0
Puri,7,19,58,0
Gokarna,7,22,57,1
Kaziranga,5,19,53,0
Gandikota,5,19,54,0
Gavi,9,26,61,1
Athirapally,6,20,53,0
Hampi,5,23,55,0
Periyar,8,27,59,1
Kodaikanal,5,23,59,1
Gangtok,9,24,62,1
Nanda,8,25,62,1
Gokarna,6,19,64,0
Periyar,9,24,61,1
Halebid,6,19,53,0
Dawki,5,19,52,0
Kumily,8,25,60,1
Karnala,5,22,62,0
Kaziranga,6,21,55,1
ChampanerPavagadh,5,22,55,0
Valley,8,26,59,1
Ladakh,7,27,64,1
Majuli,7,21,58,0
Jaisalmer,5,19,52,0
PenchPark,6,19,62,0
Nubra,6,23,54,0
Dhanushkodi,8,27,60,0
Rishikesh,8,28,59,1
Panna,5,25,60,0
Velas,8,27,64,1
Nainital,5,22,64,0
Dudhsagar,6,20,54,0
Kumarakom,5,19,54,0
Gangtok,8,28,61,1
Silent,6,25,59,1
Pangong,8,25,63,1
Khajuraho,8,24,62,1
Hogenakkal,6,25,61,0
Jaisalmer,8,24,60,1
Silent,5,21,61,1
Bandipur,7,22,57,1
Goa,7,19,52,0
Hampi,7,22,59,1
Periyar,6,24,56,0
Andaman,8,28,63,1
Simlipal,7,28,62,1
Puri,6,23,62,1
Pahalgam,8,25,64,1
Coorg,5,19,61,0
Kanyakumari,5,20,54,0
Hampi,7,22,54,0
Orchha,6,22,57,0
Namdapha,6,19,54,0
Nubra Valley,6,19,56,0
Kumily,9,28,63,1
Lakshadweep,5,19,53,0
Mahabaleshwar,5,27,62,0
Namdapha,5,19,52,0
Mumbai,9,22,61,1
Orchha,6,24,54,0
Dandeli,5,19,54,0
Kaziranga,5,23,63,1
Chikmagalur,8,24,58,1
Periyar,7,25,59,1
Lachung,5,23,59,1
Dawki,9,27,63,1
KutchRann,6,19,55,0
Spiti,6,24,59,0
Bhimbetka,8,28,64,1
Orchha,5,21,62,1
Periyar,7,24,58,0
Silent,7,27,61,1
Nagzira,10,24,58,1
Yumthang,5,21,55,0
Bandipur,6,22,59,0
Darjeeling,9,28,64,1
Kaziranga,6,20,53,0
Kotagiri,6,21,53,0
Jaisalmer,7,19,54,0
Dhanushkodi,5,20,55,0
Kumarakom,6,22,52,0
ChampanerPavagadh,8,25,59,1
Mysore,8,25,58,1
Kaziranga,6,19,53,0
Pachmarhi,5,19,58,0
Kumily,9,20,54,0
KutchRann,7,20,63,1
Periyar,8,22,59,0
Periyar,9,21,60,1
Sariska,6,23,61,1
Kumarakom,5,19,55,0
Gir,5,19,54,0
Puri,7,23,53,0
Loktak Lake,8,25,62,1
Horsley,16,26,58,1
Yelagiri,6,19,59,0
Nagaland,9,19,61,1
Ranikhet,6,24,54,1
Kanyakumari,5,21,59,0
Dandeli,5,22,53,0
Andaman,8,28,63,1
Lachung,5,26,61,0
Sambhar,8,26,54,1
Horsley,7,23,64,0
Havelock,5,19,54,0
Gokarna,5,19,58,0
Andaman,6,22,52,0
Auli,7,24,58,1
Dandeli,5,20,53,0
Leh,6,19,53,0
Bandipur,5,24,53,0
Bandipur,7,23,63,0
Valparai,7,24,57,0
Kumarakom,6,20,62,0
Darjeeling,7,26,61,0
Periyar,6,23,61,0
Kanatal,5,27,60,1
Dhanushkodi,5,26,52,0
Valley,5,19,54,0
Kabini,6,23,56,0
Mawlynnong,5,21,56,0
Valley,5,19,53,0
Dzukou,8,19,56,0
Auli,7,25,64,1
Coonoor,9,25,63,1
Silent,9,27,59,1
Kotagiri,5,19,56,0
Kabini,9,26,63,1
Namdapha,5,21,54,0
Periyar,7,23,58,1
Kalimpong,8,28,59,1
Dhanushkodi,6,19,54,0
MountAbu,6,19,52,0
Sundarbans,8,25,53,0
Sakleshpur,7,25,53,1
Cherrapunji,8,25,63,1
Nubra,9,26,62,1
Rajkot,8,20,61,1
Coonoor,7,27,59,1
Goa,8,28,65,1
Varanasi,9,25,53,1
Tarkarli,7,19,53,0
Chikhaldara,9,25,63,1
Pahalgam,5,21,52,0
Spiti,9,26,53,1
Pangong,6,25,55,1
Panna,8,24,59,0
Auroville,8,26,55,1
Athirapally,6,23,53,0
Valley,6,26,64,1
Yumthang,6,20,58,0
Gokarna,6,20,52,0
Kasol,8,25,62,0
Pachmarhi,16,24,63,1
Sundarbans,11,23,55,0
Jim,6,27,59,1
Pondicherry,6,24,65,1
Kanatal,7,26,63,1
Chikmagalur,6,22,52,0
Horsley,10,25,63,1
JimCorbett,8,26,64,1
Kanha,5,24,58,1
Kodaikanal,16,22,55,1
Yumthang,9,28,65,1
Leh,6,26,61,0
Dhanushkodi,6,23,60,0
Yercaud,6,19,55,0
Kaziranga,5,24,55,0
Kasol,15,20,54,0
Coonoor,8,28,64,1
Kaziranga,6,22,52,0
Horsley,9,27,62,1
Kutch,5,23,58,1
Kanatal,6,20,53,0
Bandhavgarh,7,24,63,1
Kanha,14,21,57,0
Munnar,5,27,59,1
Pichavaram,6,19,52,0
Chikhaldara,8,28,61,1
Kasol,5,25,59,0
Poovar,6,20,52,0
Pachmarhi,6,19,55,0
Tawang,7,23,59,1
Hogenakkal,7,26,61,1
Athirapally,5,19,55,0
Almora,8,22,60,0
Hampi,6,24,58,0
Chikmagalur,6,19,53,0
Jaipur,5,19,55,0
Bandhavgarh,6,21,60,1
Coorg,5,19,54,0
Silent,8,28,63,1
Pachmarhi,5,21,59,0
Valparai,9,26,63,1
Lakshadweep,8,22,59,1
Auroville,8,24,61,1
Chitrakoot,8,21,56,1
Gokarna,7,26,59,1
Zanskar,6,22,54,0
Sariska,9,26,63,1
Zanskar,9,25,59,1
Gir,5,19,52,0
Rajasthan,6,25,62,1
Agumbe,6,23,59,1
Coonoor,8,27,62,1
Ladakh,6,21,53,0
Pahalgam,8,25,60,1
Andaman,5,19,54,0
Rajasthan,6,19,52,0
Periyar,5,22,58,1
Mawlynnong,5,20,54,0
Kovalam,6,26,57,1
Thekkady,8,27,63,1
Chitrakoot,5,21,55,0
Hogenakkal,6,26,60,1
Nubra,7,25,57,1
Chennai,6,25,57,1
Chikmagalur,6,20,61,0
Cherrapunji,7,26,59,1
Kaziranga,6,19,53,0
Gavi,6,25,63,1
Sakleshpur,5,19,53,0
Kutch,8,23,59,0
Matheran,8,21,56,0
Hampi,7,25,62,1
Auroville,8,24,59,1
Jaipur,6,19,59,0
Gavi,7,25,60,1
Sundarbans,6,21,59,0
Mahabaleshwar,6,19,52,0
Khajuraho,5,24,59,0
Agumbe,6,19,55,0
Kotagiri,5,23,59,1
Jawai,5,26,61,0
Silent,6,20,59,1
Sambhar,6,19,54,0
Ranthambore,6,19,54,0
Valley,5,22,53,0
Cherrapunji,6,19,55,0
Sundarbans,5,21,54,0
Simlipal,5,19,56,0
Loktak Lake,9,25,63,1
Mahabaleshwar,9,25,61,1
Nubra,6,26,62,1
Dudhsagar,7,19,53,0
Kalpetta,5,22,55,1
Wayanad,8,27,63,1
Cherrapunji,6,25,63,0
Hampi,6,19,52,0
Orchha,6,22,60,1
Leh,6,21,54,0
Sundarbans,5,24,59,0
Hampi,5,25,59,1
Dhanushkodi,6,23,58,0
Bandipur,8,22,54,0
Lakshadweep,7,22,59,1
Hogenakkal,6,20,58,0
Havelock,6,21,61,0
Valparai,5,19,59,0
Spiti,8,28,63,1
Malana,8,27,60,1
Delhi,8,28,64,1
Rishikesh,6,22,59,1
Gir,6,25,63,1
Kalimpong,5,25,56,0
Poovar,5,22,58,0
Cherrapunji,5,24,59,0
Andaman,8,28,63,1
Majuli,9,26,64,1
Pondicherry,6,24,61,0
Agumbe,7,27,60,1
Coorg,6,23,58,0
Chikmagalur,8,24,61,1
Auli,6,19,53,0
Corbett,7,23,64,1
Agra,6,20,54,0
Kanha,5,19,54,0
Poovar,5,26,65,1
Bandhavgarh,6,19,53,0
Sambhar,6,25,60,1
Auroville,7,20,54,1
Hampi,8,24,60,1
Almora,7,27,58,1
Auli,8,26,65,1
Havelock,16,22,60,1
Agra,6,22,54,0
Valley,7,19,54,0
Gir,5,19,55,0
Gurez,8,26,62,1
Gokarna,8,21,64,1
Jim,5,19,54,0
Udaipur,6,25,62,0
Hampi,7,23,60,0
Coonoor,6,23,59,1
Bhedaghat,6,23,52,0
Lachung,8,26,59,1
Shillong,12,19,59,0
Andaman,6,19,52,0
Agra,8,24,63,1
Shimla,7,28,60,1
Horsley,16,23,64,1
Pachmarhi,6,23,58,0
Jaipur,8,27,63,1
Kanyakumari,8,26,64,1
Lakshadweep,5,19,55,0
Dudhsagar,9,27,60,1
Auli,6,21,52,0
Gavi,8,25,65,1
Lachung,7,27,62,1
Tarkarli,7,21,54,1
Coorg,5,23,63,0
PenchPark,9,26,59,1
Matheran,6,20,55,0
Andaman,8,24,63,1
Nubra Valley,6,19,53,0
Simlipal,8,25,64,1
Kodaikanal,7,23,58,1
Rishikesh,5,24,58,0
Sariska,9,27,59,1
Tarkarli,5,23,55,1
Hampi,7,19,53,0
Jim,9,22,58,1
Namdapha,6,19,52,0
Rajkot,6,26,54,0
Halebid,9,25,62,1
Gavi,6,22,63,1
Kanha,6,19,63,0
Pondicherry,5,20,60,0
Coorg,10,23,63,1
Cherrapunji,6,21,64,1
Kumarakom,11,22,61,0
Kanyakumari,16,23,63,1
Dawki,8,28,62,1
Karnala,6,21,56,0
Loktak Lake,6,21,52,0
Araku,6,21,58,0
Hampi,5,24,57,0
Wayanad,6,24,61,0
Digha,10,25,60,1
Sunderbans,9,28,59,1
Hemis,8,26,59,1
Sunderbans,5,25,60,1
Cherrapunji,6,24,61,1
Poovar,6,21,55,0
Dandeli,6,20,52,0
Kanyakumari,5,22,54,0
Valley,5,19,58,0
Kaziranga,5,23,62,0
Hogenakkal,7,24,58,1
Sunderbans,5,19,53,0
Bandipur,8,26,60,1
Kasol,9,28,63,1
JimCorbett,10,26,55,1
Kodaikanal,6,22,58,1
Kumarakom,5,20,53,0
Kovalam,9,23,59,0
Rajasthan,15,19,54,0
Spiti,6,20,58,0
Coorg,8,22,62,0
Darjeeling,5,19,55,0
Pulicat,7,22,55,0
Darjeeling,6,19,53,0
Havelock,6,26,60,1
Agatti,6,20,54,0
Rajkot,6,21,60,1
Mumbai,6,25,58,0
Gavi,6,21,60,0
Bhimbetka,6,25,57,1
Kaziranga,7,19,54,0
Kolukkumalai,8,28,59,1
Dzukou,6,19,54,0
Bandipur,9,24,59,1
Rishikesh,8,22,58,1
Silent,6,24,59,1
Yelagiri,15,26,63,1
Ooty,7,25,63,1
Wayanad,7,24,52,0
Sundarbans,15,23,56,0
Periyar,5,25,58,0
Pushkar,5,20,53,0
Khajuraho,9,26,60,1
Jaisalmer,6,22,56,0
Matheran,7,22,53,1
Shillong,8,28,61,1
Kolukkumalai,5,21,52,0
Rishikesh,8,25,54,1
Sambhar,6,23,59,1
Meghalaya,7,26,60,1
Manali,9,25,58,1
Manali,8,28,60,1
Leh,5,20,53,0
Ziro,8,24,62,1
Kabini,6,20,52,0
Udaipur,5,26,64,0
Bandipur,6,20,56,0
Shimla,9,25,65,1
Puri,7,25,58,1
Matheran,7,19,54,0
Pichavaram,8,26,60,1
Gavi,5,22,60,0
Matheran,6,22,56,1
Hogenakkal,7,25,59,1
Dandeli,5,26,62,1
Kotagiri,5,21,55,0
Cherrapunji,6,20,52,0
Kodaikanal,8,26,64,1
Dhanushkodi,9,26,63,1
Periyar,8,24,56,1
Silent,6,26,56,1
Rajkot,8,25,64,1
Namdapha,5,19,54,0
Pushkar,7,25,60,0
Pangong,9,23,54,1
Coonoor,8,28,59,1
Poovar,6,19,54,0
Shillong,6,25,52,0
Kotagiri,7,26,64,1
Mysore,7,24,58,1
Nubra,6,25,54,1
Valparai,8,23,56,1
Puri,16,26,62,1
Kumarakom,5,24,54,0
Kanyakumari,6,23,54,0
Kotagiri,5,24,59,1
Kaziranga,15,22,59,1
Chikmagalur,6,19,52,0
Sambhar,6,24,54,0
Neil,6,25,55,1
Coorg,5,19,53,0
Pachmarhi,7,25,58,1
Ziro,8,24,59,1
Meghalaya,7,24,62,1
Rajkot,9,28,62,1
Valparai,6,25,63,0
Gangtok,9,28,64,1
Tarkarli,9,27,65,1
Gokarna,7,25,65,1
Kalimpong,7,26,63,1
Mahabaleshwar,8,27,64,1
Kumarakom,7,26,60,0
Darjeeling,5,19,52,0
Jim,6,21,54,0
Panna,8,23,59,1
Halebid,6,22,58,1
Almora,6,25,64,1
Periyar,8,27,63,1
Kutch,8,27,61,1
Panna,7,19,63,0
Hampi,5,24,57,0
Hampi,9,28,62,1
Pahalgam,6,19,52,0
Coorg,7,26,62,1
Kasol,9,22,63,1
Tadoba,7,27,62,1
Sakleshpur,8,25,60,1
Hampi,9,24,59,1
Wayanad,6,23,59,1
Gangotri,5,21,55,0
Valparai,7,25,63,0
Chitrakoot,6,21,59,0
Tadoba,5,24,65,0
Gangotri,9,20,62,1
Agra,6,26,61,1
Auli,7,19,54,0
Ooty,7,23,61,0
Hampi,7,24,65,1
Hogenakkal,6,22,63,1
Rishikesh,6,23,53,0
Jaisalmer,6,23,61,0
Kurangani,6,21,53,0
Gangotri,10,27,64,1
Leh,8,26,59,1
Valparai,8,25,62,1
Nagaland,9,27,64,1
Poovar,6,22,53,0
Coorg,9,25,64,1
Ooty,7,24,61,0
Kalimpong,6,23,59,0
Coorg,9,27,61,1
Coonoor,7,26,57,0
Goa,14,27,63,1
Valparai,6,23,59,0
Gokarna,5,23,64,1
Pichavaram,5,19,56,0
Silent,8,25,61,1
Sambhar,8,25,63,1
Kanyakumari,6,22,54,0
Ranthambore,5,27,60,0
Dawki,8,25,62,1
Gokarna,6,23,61,0
Wayanad,7,21,58,0
Gurez,6,25,61,0
Agumbe,6,20,54,0
Silent,7,23,63,1
Andaman,7,23,59,1
Digha,5,22,54,0
Tawang,7,25,55,1
Coonoor,7,22,61,1
Dandeli,8,26,63,1
Nubra,9,26,59,0
Gangotri,6,23,59,1
Almora,6,24,62,1
Delhi,5,25,65,1
Periyar,5,22,54,0
Kanha,6,22,59,0
Tadoba,9,24,62,1
Kumarakom,5,19,56,0
Mawlynnong,6,23,60,0
Andaman,9,27,64,1
Chikmagalur,5,26,52,0
Leh,5,19,53,0
Gavi,6,25,63,0
Gavi,7,23,62,1
Dudhsagar,5,20,53,0
Gangtok,9,27,60,1
Rishikesh,6,25,65,0
Ranikhet,6,26,60,1
Wayanad,9,26,60,1
Zanskar,8,26,59,1
Sundarbans,5,21,55,0
Kalpetta,6,19,52,0
Sakleshpur,6,23,60,1
Mumbai,7,23,58,1
Gokarna,6,23,59,0
Rishikesh,14,22,62,1
Leh,9,27,65,1
Matheran,6,26,57,0
Cherrapunji,9,26,62,1
Rajkot,8,26,59,1
Gokarna,6,22,62,0
Pachmarhi,6,20,53,0
Dzukou,5,22,56,1
Gokarna,6,24,62,1
Dhanushkodi,6,19,54,0
Nainital,10,26,55,1
Kutch,7,24,58,1
Ranthambore,8,25,64,0
Ooty,7,22,61,0
Kumily,6,24,59,0
Coonoor,7,24,63,0
Dandeli,8,22,58,0
Kotagiri,9,26,60,1
Gir,8,28,61,1
Gavi,8,25,59,1
Rishikesh,9,26,61,1
Meghalaya,8,25,61,1
Nagaland,6,19,55,0
Pondicherry,5,19,53,0
Darjeeling,7,26,63,1
Sundarbans,5,21,54,0
Bandhavgarh,6,19,52,0
Lachung,8,23,59,1
Dzukou,6,26,64,0
Bhedaghat,6,19,55,0
Orchha,5,19,53,0
Kanatal,8,25,60,1
Agumbe,6,19,59,0
Ranthambore,5,23,58,1
Nagzira,5,27,62,1
Pachmarhi,5,21,59,0
Thekkady,5,19,53,0
Sariska,5,19,54,0
Bandipur,6,22,53,0
Auli,5,21,54,0
Poovar,5,23,55,0
Wayanad,5,24,57,1
Pondicherry,8,23,64,0
Manali,5,20,55,0
Yercaud,9,25,60,1
Coorg,8,28,61,1
Rishikesh,5,27,58,1
Chikmagalur,5,25,58,0
Jog,6,24,58,0
Nainital,6,19,54,0
JimCorbett,7,24,58,1
Dandeli,5,19,53,0
Kanyakumari,6,23,60,0
Manali,5,20,53,0
Jaisalmer,6,22,58,0
Pahalgam,6,25,63,1
Nainital,7,24,59,1
Kolkata,8,25,63,1
Rishikesh,5,19,53,0
Neil,7,22,52,0
Wayanad,6,24,59,0
Mumbai,10,26,58,1
Kodaikanal,5,28,60,1
Nainital,5,24,57,1
Tarkarli,6,28,60,1
Kaziranga,6,21,56,0
Hogenakkal,8,25,62,1
Dandeli,6,19,53,0
Hogenakkal,6,19,53,0
Tawang,6,26,60,1
Kasol,6,19,54,0
Bandhavgarh,8,24,60,1
Lakshadweep,5,23,58,0
Majuli,5,19,54,0
Kumarakom,7,19,53,0
Nainital,6,20,53,0
Pangong,5,23,62,0
Hampi,6,19,55,1
Gir,6,21,54,0
Puri,5,19,53,0
Wayanad,7,23,61,1
Kolkata,6,22,53,1
Bandipur,9,27,64,1
Sundarbans,6,26,58,1
Coorg,6,21,53,0
Simlipal,14,25,63,1
Mandu,6,23,63,1
Kanha,6,20,52,0
Ooty,6,24,54,0
Hemis,8,26,64,1
Chitrakoot,7,27,62,0
Mandu,5,25,59,0
Pahalgam,5,20,53,0
Jaisalmer,5,21,54,0
Almora,9,25,64,1
Agatti,5,20,55,0
Lakshadweep,6,25,57,1
Pondicherry,7,20,54,0
Poovar,6,19,59,0
Wayanad,8,23,59,0
Ooty,8,24,60,0
Meghalaya,8,25,60,1
Corbett,6,19,52,0
Yumthang,6,20,52,0
JimCorbett,9,24,59,1
Kanha,8,24,58,1
Cherrapunji,5,19,54,0
Gavi,7,24,58,1
Rishikesh,8,19,52,0
Jog,8,28,65,1
Digha,9,23,58,1
Agatti,7,27,62,1
Kodaikanal,7,19,54,0
Havelock,6,22,52,0
Kutch,6,24,53,0
Kumily,5,28,63,0
Kalimpong,6,23,59,1
Kotagiri,7,26,60,1
Gangtok,6,23,59,1
Coorg,6,19,55,0
Kolkata,6,19,52,0
Gurez,8,25,61,1
Pushkar,5,19,53,0
Kovalam,5,23,54,0
Pichavaram,12,21,53,0
Almora,5,24,63,0
Wayanad,6,25,57,0
Coorg,7,24,61,0
Horsley,7,27,63,1
Hampi,5,21,54,0
Bandipur,8,27,60,1
Almora,16,26,63,1
Dandeli,6,19,54,0
Digha,5,23,53,0
Rishikesh,9,24,60,1
Tawang,7,23,59,1
Chitrakoot,5,26,63,0
Ranikhet,6,24,60,0
Kutch,9,22,55,1
Jog,7,19,55,0
Rishikesh,7,19,53,0
Orchha,8,24,53,1
Almora,9,28,65,1
Pondicherry,6,23,59,1
Varanasi,6,22,56,0
Darjeeling,5,19,53,0
Kolukkumalai,9,26,63,1
Kolukkumalai,5,19,54,0
Hampi,7,21,56,0
Hogenakkal,7,27,63,1
Nagaland,8,23,60,1
Loktak Lake,5,19,55,0
Chikmagalur,9,24,58,1
Kasol,13,24,59,0
Lachung,5,20,54,0
Shillong,6,22,53,0
Meghalaya,9,28,63,1
Hemis,5,21,59,0
Wayanad,6,21,53,0
Alleppey,8,25,63,1
Bandipur,6,19,55,0
Kolad,6,20,53,0
Sundarbans,6,19,55,0
Pondicherry,8,24,60,1
Coorg,7,28,64,1
Kaziranga,7,23,53,0
Tarkarli,10,28,58,1
Kumily,8,26,59,1
Ladakh,5,21,60,1
Dzukou,15,23,63,1
Hampi,5,20,54,0
ChampanerPavagadh,6,23,55,1
Zanskar,8,23,59,1
Kasol,7,21,59,0
Chikhaldara,5,20,57,0
Kalimpong,6,24,63,1
Tarkarli,9,24,60,1
Tawang,7,25,63,1
Pondicherry,6,20,59,0
Jawai,13,20,55,0
Gangotri,6,24,53,1
Silent,8,25,59,1
Pondicherry,6,19,52,0
Auli,5,19,59,0
Kanyakumari,8,27,59,0
Panna,9,24,60,1
Coorg,8,25,64,1
Auli,6,24,65,1
Thekkady,9,27,53,0
Cherrapunji,6,26,53,1
Andaman,9,23,59,1
Nainital,6,20,61,0
Pachmarhi,6,25,59,1
Pachmarhi,6,21,62,0
Neil,6,24,63,1
Nubra,8,24,63,1
Pulicat,6,21,54,1
Lakshadweep,12,24,61,1
Kumarakom,6,23,54,0
Gir,7,27,58,0
Havelock,6,19,54,0
Jaisalmer,10,25,64,1
Malana,5,19,53,0
Bandipur,6,24,55,0
Mahabaleshwar,5,23,58,0
MountAbu,5,26,57,0
Mumbai,8,25,60,1
Valparai,8,27,64,1
Gokarna,6,23,57,1
Chitrakoot,6,19,52,0
Hampi,6,19,54,0
Chikmagalur,16,26,58,0
Spiti,14,23,58,1
Udaipur,15,27,64,1
Jaisalmer,9,26,58,1
Gangtok,8,26,64,1
Pushkar,5,19,54,0
Yelagiri,9,25,63,1
Rishikesh,7,19,59,1
Malana,6,26,60,1
Yercaud,5,19,52,0
KutchRann,6,20,62,0
Ziro,10,24,61,1
Kalimpong,14,22,61,0
Kanatal,7,27,60,1
Periyar,6,27,61,0
Tawang,9,23,60,0
Delhi,7,25,64,1
Kaziranga,5,20,54,0
Kaziranga,7,22,64,1
Ladakh,5,20,54,0
Tadoba,6,24,61,1
Sundarbans,7,25,54,0
Hemis,5,19,60,0
Thekkady,10,25,64,1
Coonoor,5,23,62,1
Valley,6,25,58,0
Kurangani,5,19,52,0
Kumily,8,23,55,1
Orchha,6,24,55,0
Hampi,6,23,53,0
Sunderbans,9,23,58,0
Kumarakom,6,22,60,0
Udaipur,8,27,63,1
Gir,6,21,54,0
Chikhaldara,10,25,65,1
Corbett,7,22,54,0
Pondicherry,6,21,59,0
Gurez,5,23,59,0
Jawai,8,27,63,1
Kumarakom,6,20,55,0
Rishikesh,5,24,58,1
Valparai,8,22,58,1
Tarkarli,7,25,59,1
Thekkady,5,20,54,0
Alleppey,8,24,63,1
Mandu,5,19,55,0
Agra,6,23,61,1
Kabini,8,21,61,1
Mandu,7,27,64,1
Yelagiri,7,23,57,0
Hogenakkal,6,19,63,0
Silent,9,28,58,1
Agra,14,26,61,1
Bhimbetka,8,25,60,1
Zanskar,6,24,59,0
Tawang,9,21,63,0
Araku,9,26,60,1
Poovar,6,19,54,0
Yumthang,7,23,58,0
Agatti,8,27,64,1
Wayanad,8,27,64,1
Kudremukh,6,21,52,0
Panna,8,26,61,1
Gavi,6,24,59,1
Agumbe,8,28,58,1
Rishikesh,6,24,58,1
PenchPark,5,20,55,0
Dzukou,6,20,59,1
Gavi,8,24,65,1
Kumarakom,6,20,56,0
Lakshadweep,6,22,54,0
Kumarakom,10,25,59,1
Pichavaram,7,22,56,0
Almora,5,24,55,0
Mahabaleshwar,5,20,54,0
Pondicherry,9,28,64,1
Coonoor,6,23,60,1
Gandikota,7,24,52,0
Nubra Valley,7,21,53,0
Puri,6,21,58,0
Tawang,5,24,64,0
Goa,6,24,62,0
Hampi,9,25,61,1
Gokarna,8,23,62,1
Valley,5,26,61,0
Jim,6,24,60,1
Kutch,16,25,61,1
Athirapally,6,23,54,0
Agatti,6,24,55,0
Coorg,8,26,62,1
Sambhar,9,24,64,1
Silent,10,24,63,1
Agatti,6,19,60,0
Mandu,8,28,63,1
Kalpetta,7,21,63,1
Kodaikanal,5,21,59,0
Kaziranga,8,26,60,1
Agumbe,7,19,57,0
Shimla,8,21,58,0
Darjeeling,16,25,59,1
Kovalam,6,23,58,0
Yumthang,5,19,53,0
Jog,6,23,55,0
Kudremukh,7,25,57,1
Valparai,6,23,53,0
Bandipur,9,27,65,1
Pahalgam,6,26,59,1
Udaipur,7,26,60,1
Wayanad,5,25,53,0
Matheran,7,19,54,0
Silent,9,23,60,1
KutchRann,6,25,58,1
Bandipur,9,25,55,1
Lachung,5,19,53,0
Shillong,6,23,56,1
Dandeli,8,25,58,1
Kaziranga,6,20,54,0
Nanda,8,24,63,1
Gir,6,24,60,0
Kutch,6,19,53,0
Chikhaldara,6,24,60,1
Horsley,7,20,59,1
Araku,6,22,61,0
Tadoba,6,25,59,1
Dawki,5,22,52,0
Neil,9,27,64,1
Kanyakumari,9,25,62,1
Matheran,8,24,60,0
MountAbu,5,22,56,0
Kaziranga,6,19,53,0
Matheran,8,25,62,1
Dandeli,6,23,52,0
Kalimpong,8,22,59,0
Pangong,8,25,65,1
Sambhar,7,21,53,0
Bandipur,9,24,59,1
Jaisalmer,5,25,56,1
Chennai,9,28,58,1
Mahabaleshwar,5,23,53,0
Pachmarhi,6,20,58,0
Nubra,6,24,54,0
Gokarna,6,24,64,1
Hogenakkal,8,25,59,0
Digha,5,19,52,0
Khajuraho,7,22,58,0
Sundarbans,5,22,56,0
Kolukkumalai,8,27,65,1
Puri,7,21,58,0
Dhanushkodi,6,23,55,0
Shillong,7,20,59,0
Sunderbans,6,24,60,1
Gandikota,5,20,55,0
Dzukou,5,22,59,0
Ranthambore,8,25,63,1
Varanasi,6,23,54,1
Gokarna,5,20,55,0
Wayanad,5,22,62,1
Cherrapunji,9,22,58,1
Sundarbans,7,25,60,0
Pachmarhi,6,19,59,0
Kasol,6,26,61,1
Hogenakkal,5,19,54,0
Nainital,6,23,64,1
Ranthambore,8,23,58,0
Gurez,5,27,60,0
Auli,6,20,52,0
Valley,8,22,58,0
Cherrapunji,8,27,63,1
Khajuraho,8,25,60,1
Valley,9,26,62,1
Velas,5,19,53,0
Matheran,6,20,57,0
Gangtok,8,25,60,1
Silent,9,27,63,1
Coorg,5,25,58,1
Kanha,9,24,65,1
Jim,5,19,54,0
Gandikota,8,19,55,0
Coorg,8,27,61,1
Chikhaldara,6,23,54,0
Araku,6,27,62,1
Matheran,5,19,56,0
Khajuraho,6,22,60,1
Orchha,8,22,59,1
Poovar,5,19,55,0
Hampi,6,20,62,1
Kumarakom,8,26,63,1
Kumarakom,6,25,58,0
Bandipur,6,19,56,0
Periyar,5,19,52,0
Tawang,8,27,59,0
Kodaikanal,8,24,59,1
Thekkady,8,21,58,0
Hogenakkal,7,22,58,1
Coorg,7,24,61,0
Kurangani,6,24,58,0
Dhanushkodi,6,19,52,0
Bhedaghat,5,19,53,0
Hemis,7,23,58,0
Pushkar,9,26,63,1
Nubra Valley,7,23,62,1
Neil,9,25,62,1
Kaziranga,6,24,59,0
Manali,9,26,63,1
Sambhar,9,20,59,0
Wayanad,5,19,53,0
Orchha,5,23,59,1
Hogenakkal,8,25,59,1
Kanatal,6,19,54,0
Ooty,6,24,61,0
Wayanad,6,25,59,0
Chikmagalur,6,19,52,0
Varanasi,15,24,60,1
Kolukkumalai,5,24,54,0
Nainital,9,28,61,1
Nagaland,9,27,61,1
Dandeli,9,25,59,1
Agatti,9,24,59,1
Kalpetta,7,23,58,0
Chennai,13,23,63,1
Tarkarli,8,28,65,1
Kaziranga,6,23,54,0
Auroville,6,20,58,0
Matheran,6,25,63,0
Sundarbans,7,23,54,0
Sundarbans,6,19,55,0
Goa,8,28,58,1
Wayanad,6,21,60,0
Namdapha,5,19,52,0
Periyar,9,25,63,1
Pichavaram,6,19,54,0
Hampi,5,20,63,0
Bhedaghat,5,23,60,0
Nubra,10,27,62,1
Mumbai,5,20,54,0
Yumthang,6,25,65,1
Yercaud,6,20,53,0
Hemis,6,22,53,1
Kanha,9,24,65,1
Kanatal,6,23,59,1
Gangotri,6,24,61,1
Poovar,6,19,55,0
Gavi,12,23,63,1
Periyar,6,19,55,0
Andaman,6,25,57,1
Poovar,6,23,54,0
Goa,6,27,58,1
Kaziranga,5,23,55,0
Bandipur,7,25,63,0
Wayanad,9,24,60,1
Shimla,5,23,61,1
Loktak Lake,14,28,59,1
Dandeli,8,22,60,1
Kolukkumalai,8,25,60,1
Tarkarli,9,24,64,1
Mumbai,8,22,55,0
Hampi,8,28,64,1
Agatti,9,23,60,0
Gokarna,6,23,55,0
Kutch,8,25,60,1
Valparai,5,19,53,0
Kaziranga,5,19,55,0
Mahabaleshwar,5,25,63,1
Wayanad,5,24,54,0
Manali,8,24,62,1
Gavi,8,23,59,0
MountAbu,8,26,62,1
Ranthambore,7,22,53,1
Kalpetta,7,19,59,0
Kotagiri,8,27,60,1
Periyar,8,24,59,1
Sundarbans,8,26,61,1
Gokarna,8,24,63,1
Wayanad,5,23,53,0
Pahalgam,6,20,55,1
Almora,8,23,59,1
Majuli,7,28,60,1
Hampi,7,23,60,0
Dandeli,5,20,59,0
Nagaland,5,23,55,0
Dhanushkodi,5,19,53,0
Nagaland,6,23,53,0
Gandikota,6,23,54,0
Pachmarhi,5,20,54,0
Halebid,6,19,54,0
Lakshadweep,6,19,55,0
Andaman,6,19,55,0
Spiti,5,19,54,0
Puri,13,25,62,1
Agumbe,7,25,60,1
Pachmarhi,7,23,62,1
Cherrapunji,6,21,54,0
Kanha,9,28,62,1
Lakshadweep,8,25,65,1
Matheran,5,19,54,0
Corbett,5,19,52,0
Mandu,7,26,63,1
Kudremukh,6,22,59,0
Silent,6,21,58,1
Pulicat,8,23,63,1
Rajasthan,8,24,60,1
Mandu,6,23,59,1
Bandipur,6,25,55,0
Nubra,6,22,62,1
Pachmarhi,6,19,52,0
Dawki,6,26,53,1
Corbett,6,19,52,0
Kolukkumalai,6,24,64,0
Shillong,9,25,59,1
Nanda,5,23,60,1
Kanatal,9,23,62,0
Simlipal,7,28,60,1
Kaziranga,7,23,57,0
Wayanad,14,23,63,1
Wayanad,7,19,55,0
Agumbe,9,26,62,1
Sundarbans,7,19,58,0
Auli,8,27,59,1
Delhi,5,20,54,1
Dandeli,5,24,55,0
Jawai,6,23,62,0
Gurez,7,26,59,1
Panna,8,27,59,1
Khajuraho,6,24,53,0
Spiti,7,27,59,1
Thekkady,6,19,53,0
Lakshadweep,6,20,53,0
Meghalaya,6,22,55,0
Digha,5,19,52,0
Horsley,9,25,58,1
Karnala,6,19,53,0
Shimla,8,24,59,1
Munnar,5,19,53,0
Tarkarli,6,19,52,0
Silent,6,19,62,0
Gangotri,9,25,62,1
Nainital,8,24,59,1
Dhanushkodi,6,20,64,0
Andaman,8,26,63,1
Chikmagalur,7,27,63,1
Pahalgam,6,25,59,0
Valparai,5,23,53,0
Rajkot,6,25,60,1
Nainital,5,19,58,0
Dudhsagar,5,19,54,0
Agumbe,5,23,53,0
Kanatal,7,19,59,0
Nubra,12,20,56,0
Dhanushkodi,6,19,55,0
Matheran,6,23,58,0
Gandikota,7,27,64,1
Khajuraho,9,27,64,0
Kaziranga,5,22,62,0
Gandikota,6,21,54,0
Auli,6,19,54,0
Kalimpong,7,24,59,1
Kanha,8,20,58,1
Nagaland,5,19,54,0
Cherrapunji,7,24,53,0
Munnar,5,24,55,0
Gangtok,6,26,62,1
Jawai,8,28,63,1
Gavi,8,28,63,1
Velas,7,28,60,1
Chitrakoot,8,24,64,1
Orchha,5,20,53,0
Hampi,7,27,65,1
Kolad,6,19,52,0
Corbett,6,25,60,0
Tawang,7,20,58,0
Kanatal,5,21,54,0
Pachmarhi,9,24,59,1
Ooty,8,24,58,1
Khajuraho,6,19,62,0
Kumarakom,5,20,55,0
Tawang,8,26,59,1
Kodaikanal,9,25,64,1
Yumthang,16,24,59,1
Nainital,6,26,65,1
Corbett,6,25,61,0
Kovalam,5,19,53,0
ChampanerPavagadh,6,20,55,0
Araku,8,27,65,1
Manali,9,28,62,1
Rajkot,9,24,65,1
Lakshadweep,6,19,53,0
Hogenakkal,6,22,62,0
Kodaikanal,6,20,55,0
Periyar,6,23,60,0
Sakleshpur,5,20,59,0
Andaman,12,23,62,0
Dudhsagar,7,21,58,1
Bhimbetka,5,24,54,0
Kalpetta,6,20,55,0
Chikmagalur,9,27,58,1
Kaziranga,5,21,53,0
Kalimpong,8,28,63,1
Simlipal,6,22,53,0
Tawang,8,24,58,1
Bandipur,6,23,57,1
Dandeli,5,20,52,0
Meghalaya,5,20,52,0
Nubra,6,24,58,1
Chennai,9,28,61,1
Halebid,6,19,53,0
Dhanushkodi,5,20,54,0
Gangtok,8,20,53,1
Kovalam,6,23,54,0
Pahalgam,8,24,62,0
Kodaikanal,6,22,63,0
Matheran,5,20,53,0
Bandhavgarh,8,26,62,1
Yumthang,6,24,59,1
Havelock,5,24,62,0
Almora,6,24,59,0
Coorg,6,20,54,0
Jaipur,8,27,62,1
Rajasthan,6,25,61,0
Nainital,6,19,52,0
Ranthambore,5,19,52,0
Sunderbans,6,22,53,0
Pahalgam,6,28,60,1
Kasol,9,25,65,1
Kanha,7,22,63,1
Coorg,5,19,54,0
Coorg,8,25,59,1
Ladakh,8,22,62,1
Kaziranga,7,28,65,1
Pulicat,8,27,60,1
Kaziranga,8,19,58,0
Manali,6,19,54,0
Khajuraho,9,24,57,1
Lakshadweep,6,24,65,1
Yumthang,5,19,53,0
Pulicat,6,21,59,1
Digha,7,27,63,1
Pondicherry,5,24,55,0
Ranthambore,8,26,61,1
Panna,6,19,55,0
Tadoba,15,23,61,1
Mawlynnong,5,23,59,0
Spiti,6,22,56,0
Hampi,7,23,60,1
Ooty,6,19,53,0
Cherrapunji,5,20,56,0
Mumbai,5,19,55,0
Kotagiri,6,21,59,1
Wayanad,7,24,53,0
Rishikesh,5,26,60,1
Agra,6,19,53,0
Nubra Valley,8,25,59,1
Dandeli,6,19,54,0
Khajuraho,6,19,53,0
Wayanad,8,23,60,1
Darjeeling,5,19,52,0
Mawlynnong,8,26,59,1
Puri,5,19,52,0
ChampanerPavagadh,8,19,54,0
KutchRann,9,28,59,1
Dzukou,7,22,59,0
Andaman,8,25,54,1
Mahabaleshwar,8,27,65,1
Gandikota,10,25,60,1
Ranthambore,7,24,59,0
Araku,8,25,65,1
Agumbe,9,24,59,1
Kutch,8,26,62,1
Panna,8,21,59,1
Pachmarhi,5,21,58,1
Ooty,9,27,59,1
Pahalgam,7,26,59,1
Gangotri,9,28,58,1
Khajuraho,8,25,53,1
Pahalgam,5,25,54,1
Kanyakumari,6,19,58,0
Tarkarli,8,26,59,1
Valley,9,28,62,1
Wayanad,7,19,58,0
Nagaland,5,19,54,0
Chikhaldara,5,22,55,0
Gangotri,8,25,53,0
Nubra,7,26,60,1
Chikmagalur,8,28,59,1
Coonoor,5,24,54,0
Kumarakom,6,24,58,0
Cherrapunji,6,22,58,0
Pahalgam,7,23,61,1
Rajkot,9,23,54,0
Hampi,5,24,56,0
Kovalam,6,23,63,0
Nubra,6,25,64,1
Rishikesh,6,20,55,0
Valparai,7,23,57,0
Nagzira,9,26,58,1
Kodaikanal,6,24,62,0
Kumarakom,5,20,55,0
Dawki,6,22,60,0
Gangotri,6,24,59,0
Sunderbans,9,24,55,1
Meghalaya,6,21,56,0
Pahalgam,5,22,52,1
Mahabaleshwar,6,19,60,0
Mahabaleshwar,6,19,53,0
Wayanad,5,23,64,1
Hogenakkal,6,19,62,0
Araku,8,25,64,1
Neil,7,27,65,1
Karnala,5,26,59,0
Wayanad,6,21,52,0
Goa,6,24,52,0
Kumarakom,5,20,55,0
Kanha,8,25,59,1
Simlipal,13,24,63,0
Kasol,8,27,60,1
Sundarbans,8,23,59,0
Chitrakoot,8,25,65,1
Nagaland,6,24,59,1
Pahalgam,9,26,60,1
Gavi,7,24,59,1
Kanatal,6,19,59,0
Sundarbans,7,28,55,1
Lachung,8,25,61,1
Nainital,7,25,59,1
Sundarbans,8,19,59,0
Hampi,6,25,56,0
Wayanad,8,26,58,0
Gandikota,6,22,58,0
Velas,6,24,54,0
Corbett,8,25,59,1
Auli,9,24,63,1
Gangotri,9,23,58,1
Goa,8,25,59,1
Gokarna,9,25,58,0
Shillong,7,25,54,0
Kudremukh,6,22,60,1
Lachung,9,28,60,1
Nanda,9,26,59,1
Pushkar,6,21,59,0
Yumthang,9,27,57,1
Hampi,7,24,53,1
Kaziranga,15,22,54,0
Yumthang,6,22,58,0
Ziro,9,24,64,1
Kolukkumalai,8,27,63,1
Dawki,8,28,64,1
Andaman,8,27,63,1
Pondicherry,7,20,57,0
Mawlynnong,9,26,62,1
Kabini,9,27,58,1
Mysore,9,22,54,1
Puri,6,20,55,0
Digha,6,22,54,0
Dhanushkodi,7,27,56,1
Kalimpong,7,28,64,1
Shillong,6,25,61,1
Havelock,6,19,53,0
Jaisalmer,6,25,58,1
Hampi,8,28,63,1
Nanda,9,21,65,1
Sambhar,9,23,58,1
Pangong,7,26,62,1
Andaman,5,19,53,0
Gokarna,6,23,59,0
Coonoor,6,24,55,1
Jim Corbett Nationa,5,25,59,0
Kanha,6,26,63,1
Cherrapunji,6,24,59,0
Gokarna,6,23,57,0
Periyar,8,25,60,0
Pushkar,8,25,59,1
Wayanad,5,19,54,0
Tawang,16,24,60,0
Khajuraho,5,21,59,1
Kurangani,8,23,65,1
Gir,13,22,58,0
Nainital,7,25,61,1
Khajuraho,6,22,62,0
Athirapally,6,27,60,0
Gokarna,6,21,62,0
Chennai,7,23,61,1
Coorg,7,19,55,0
Mysore,9,24,58,1
Varanasi,5,22,54,0
Majuli,8,28,60,1
Nubra Valley,6,22,61,0
Jaipur,9,26,59,1
Coonoor,10,24,63,1
Araku,8,27,63,1
Valparai,8,25,63,1
Malana,9,26,64,1
Shimla,5,19,55,0
Auroville,7,25,62,1
Bandipur,5,21,54,0
Rishikesh,8,21,52,0
Rajasthan,5,24,55,0
Hampi,6,23,59,0
Matheran,6,26,65,0
Nanda,5,21,53,0
Pangong,7,23,64,1
Poovar,5,21,54,0
Valley,8,28,61,1
Gangotri,5,23,58,0
Nubra,5,21,64,0
Andaman,8,23,60,0
Jog,6,23,54,0
Thekkady,6,23,61,1
Kalimpong,8,26,60,1
Nainital,5,21,52,0
Lachung,8,26,63,1
Auli,6,26,59,0
Agra,9,27,59,1
Meghalaya,7,25,64,1
Wayanad,5,20,52,0
Dzukou,5,21,59,0
Valley,8,27,61,1
Andaman,6,20,58,0
Lachung,6,23,58,0
Coonoor,8,19,58,1
Kumarakom,7,26,59,1
Halebid,7,22,61,0
Delhi,8,27,62,1
Shimla,5,24,52,0
Digha,6,25,60,1
Coonoor,13,19,56,0
Kaziranga,6,23,56,0
Kumarakom,5,20,56,0
Namdapha,7,24,56,1
Kabini,8,23,59,0
Mahabaleshwar,6,20,62,0
Dandeli,9,27,62,1
Coorg,7,27,54,0
Gavi,8,22,65,0
Lachung,6,27,57,1
Panna,7,19,55,0
Athirapally,6,22,57,0
Wayanad,7,23,63,1
Cherrapunji,9,28,60,1
Wayanad,5,20,61,0
Nagzira,9,26,58,1
Jim Corbett Nationa,7,23,59,0
Dzukou,9,26,62,1
Gokarna,6,24,57,0
Corbett,9,28,65,1
Nainital,8,21,58,0
Havelock,6,23,58,1
Dandeli,6,23,60,0
Mahabaleshwar,7,21,59,0
Ranikhet,9,27,64,1
Chitrakoot,6,24,61,0
Agumbe,8,24,60,1
Tarkarli,6,23,65,1
Goa,5,20,54,0
Lakshadweep,5,22,58,1
Almora,9,25,62,0
Bhedaghat,5,19,54,0
Hemis,7,23,54,0
Chikhaldara,9,28,65,1
Khajuraho,7,22,63,0
Jaisalmer,9,25,62,1
Gavi,5,24,60,1
Nubra,8,22,64,1
Nubra,8,28,65,1
Rajasthan,7,23,61,0
Sakleshpur,6,23,61,0
Jaipur,9,25,64,1
Almora,5,21,53,0
Poovar,5,20,53,0
Tawang,5,23,55,0
Ranikhet,9,27,58,1
Pondicherry,6,22,58,0
Bandhavgarh,9,28,63,1
Wayanad,6,24,64,1
Pachmarhi,12,22,59,0
Bandhavgarh,7,25,60,1
Pangong,7,27,56,0
Pulicat,6,21,59,1
Coorg,8,24,60,1
Pangong,6,25,63,1
Silent,6,23,63,1
Valparai,5,19,56,0
Gokarna,8,19,52,0
Havelock,6,19,58,0
Chikmagalur,9,21,61,0
Pahalgam,6,24,58,0
Kanha,7,26,59,1
Manali,5,19,52,0
Nubra,8,27,63,1
Sambhar,9,27,59,1
Bandhavgarh,9,26,62,1
Yercaud,7,26,61,1
Kolkata,6,20,55,0
Sakleshpur,7,24,59,1
Goa,6,24,60,1
Nagzira,6,21,52,0
Auroville,9,26,64,1
Kanyakumari,7,24,63,0
Hogenakkal,7,19,54,0
Pachmarhi,7,19,54,0
Mumbai,6,20,54,0
Dandeli,6,26,61,0
Kolkata,9,26,62,1
Manali,5,19,54,0
Lakshadweep,7,22,60,0
Auli,8,25,63,0
Ranthambore,6,25,61,0
Sambhar,7,27,60,1
Kurangani,7,23,52,1
Tadoba,6,19,53,0
Auli,5,19,56,0
Nagaland,6,25,60,1
Leh,5,19,54,0
Agumbe,9,27,62,1
Yumthang,6,24,54,0
Spiti,5,23,63,1
Coonoor,5,25,60,1
Wayanad,5,19,52,0
Spiti,9,26,65,1
Araku,7,23,63,0
Kumily,8,27,64,1
Kolkata,5,22,57,0
Majuli,7,20,53,0
Jaisalmer,5,19,52,0
Jim Corbett Nationa,6,19,54,0
Pachmarhi,5,19,59,0
Cherrapunji,7,20,64,0
Goa,9,25,63,1
Jaipur,10,27,59,1
Yercaud,6,21,53,0
Valparai,5,19,54,0
Gokarna,9,23,61,1
Havelock,5,25,58,1
Hampi,7,25,63,1
Kumarakom,7,19,53,0
Panna,6,22,64,1
Varanasi,6,25,63,1
Gangtok,7,27,62,1
Yelagiri,6,19,53,0
Jog,5,19,52,0
Gavi,7,19,54,0
Kumarakom,5,21,52,0
Kotagiri,5,24,53,0
Pulicat,5,19,56,0
Gavi,5,21,52,0
Kanatal,7,19,55,0
Sundarbans,7,22,62,1
Dudhsagar,6,23,54,0
Rajasthan,6,23,59,1
Gangtok,8,27,62,1
Chennai,8,28,61,1
Puri,6,19,53,0
Agra,8,25,60,1
Agra,6,25,62,1
Jawai,8,28,61,1
Bandhavgarh,7,24,56,0
Digha,7,23,62,1
Tarkarli,6,23,62,1
Agatti,6,23,53,0
Sambhar,9,23,62,1
Sambhar,5,26,61,1
Halebid,8,27,59,1
Periyar,6,26,59,1
Rajkot,7,26,64,1
Nainital,6,20,55,0
Kutch,9,26,62,1
Andaman,6,19,53,0
Orchha,8,28,63,1
Yelagiri,8,27,61,1
Jim Corbett Nationa,8,28,62,1
Kabini,9,27,61,1
Khajuraho,9,28,60,1
Malana,11,22,55,0
Wayanad,5,20,52,1
Pulicat,7,26,65,0
Darjeeling,8,28,61,1
Rajasthan,5,19,53,0
Gavi,7,21,58,0
Goa,8,24,59,1
Almora,6,19,62,0
Gandikota,5,19,55,0
Rishikesh,6,26,59,1
Sakleshpur,13,25,62,1
Khajuraho,6,21,55,0
Gavi,6,20,52,0
Shillong,8,28,59,1
Kanha,5,24,60,1
Mumbai,5,19,52,0
Kolad,5,21,55,0
Wayanad,5,22,60,0
Valley,8,28,65,1
Valley,7,19,54,0
Cherrapunji,9,22,53,1
Tadoba,9,24,62,1
Kolad,7,28,63,1
Kaziranga,6,19,53,0
Pachmarhi,5,21,59,0
Kudremukh,5,21,54,0
Sakleshpur,9,27,59,1
Sundarbans,6,26,53,0
Cherrapunji,6,25,63,0
Sakleshpur,5,20,53,0
Yercaud,16,24,64,1
Pachmarhi,6,25,60,1
Mumbai,5,19,53,0
Delhi,8,27,61,1
Zanskar,9,24,60,1
Gangtok,9,28,61,1
Periyar,5,21,60,0
Hogenakkal,5,19,59,0
Wayanad,6,24,59,0
Bhedaghat,14,25,60,1
Zanskar,7,24,63,1
Jaisalmer,6,25,62,1
Silent,8,25,63,1
Digha,7,24,58,1
JimCorbett,6,19,54,0
Puri,9,24,65,1
Velas,8,28,53,1
Sundarbans,6,26,59,0
MountAbu,7,21,53,1
Valley,7,23,54,0
Hogenakkal,8,25,64,1
Velas,6,23,59,0
Khajuraho,7,19,52,0
Cherrapunji,5,19,54,0
Rishikesh,6,20,54,0
Jaisalmer,11,23,54,1
Puri,6,19,52,0
Valley,6,25,59,1
Periyar,9,26,65,1
Valparai,7,27,65,1
Sundarbans,5,22,53,0
Wayanad,8,27,60,1
Kaziranga,7,25,55,0
Tadoba,5,21,56,0
Ranthambore,6,26,59,0
Orchha,6,19,52,0
Shimla,5,20,54,0
Jaisalmer,5,19,54,0
Pachmarhi,7,22,54,0
Periyar,6,27,58,0
Sambhar,8,25,59,1
Pachmarhi,5,19,59,0
Sundarbans,5,21,60,0
Tadoba,5,19,53,0
Pachmarhi,14,24,58,0
Matheran,9,24,63,1
Nainital,6,26,55,0
Ranthambore,7,23,54,1
Kaziranga,15,25,59,0
Khajuraho,6,24,58,0
Hogenakkal,8,26,57,1
Auli,8,24,64,0
Periyar,6,23,58,0
Ooty,13,28,59,1
Kaziranga,6,19,53,0
Pachmarhi,5,19,54,0
Coonoor,10,27,64,1
MountAbu,8,28,64,1
Kasol,5,23,53,0
Agumbe,5,24,64,0
Bandipur,6,25,64,1
Leh,6,20,58,0
Mawlynnong,6,26,61,0
Neil,6,20,54,0
Matheran,7,26,62,1
Khajuraho,8,24,59,1
Manali,6,19,56,0
Kumily,6,25,53,0
Periyar,6,22,53,0
Wayanad,9,24,63,1
Kanha,7,24,59,1
Wayanad,9,25,58,1
Varanasi,5,21,59,0
Jaisalmer,7,23,62,1
Pachmarhi,8,27,59,1
Tawang,5,23,60,0
Karnala,6,26,59,1
Dandeli,5,19,52,0
Ooty,16,27,63,1
Dandeli,5,19,56,0
Pachmarhi,5,21,53,0
Rishikesh,9,23,52,1
Poovar,6,19,54,0
Lakshadweep,6,19,53,0
Pahalgam,7,25,55,1
Silent,7,27,61,0
Gokarna,8,23,60,0
Matheran,5,19,52,0
Khajuraho,7,19,53,0
Dhanushkodi,5,21,55,0
Agumbe,6,23,55,0
Nubra Valley,6,19,53,0
Sariska,6,19,53,1
PenchPark,6,19,54,0
Tarkarli,5,26,61,0
Jaisalmer,7,27,64,1
Yumthang,7,25,62,1
Dhanushkodi,5,21,54,0
Leh,6,23,55,1
Pachmarhi,6,19,58,1
Ooty,9,27,59,1
Rajkot,5,19,53,0
Chitrakoot,7,23,53,1
Kolad,9,26,62,1
Andaman,7,23,62,1
Velas,9,24,58,1
Nubra,5,20,53,0
Tadoba,6,24,59,0
Kumarakom,6,19,54,0
Periyar,9,27,60,1
Nainital,8,24,58,1
Gurez,8,28,58,1
Lakshadweep,8,25,58,1
PenchPark,5,19,54,0
Kaziranga,8,19,53,0
Chikmagalur,14,24,60,0
Dzukou,5,19,59,0
Dawki,8,28,64,1
Yercaud,8,25,59,1
Lakshadweep,5,23,53,0
Manali,7,25,60,1
Agra,6,27,65,1
Tadoba,5,27,61,1
Meghalaya,6,23,56,0
Sariska,6,19,60,0
Agra,9,25,59,1
Gavi,7,21,54,0
Chikhaldara,8,26,61,1
Kutch,8,24,63,1
Sundarbans,6,21,52,0
Gokarna,5,20,59,0
Nanda,8,27,58,1
Sambhar,5,19,53,0
Namdapha,6,24,59,1
Ranikhet,5,19,52,0
Araku,6,22,62,0
Periyar,6,21,52,0
Jaisalmer,9,28,59,1
JimCorbett,6,22,55,0
Tawang,7,22,60,0
Pachmarhi,6,22,54,0
Dzukou,5,21,53,0
Loktak Lake,5,23,55,0
Yelagiri,5,23,56,0
Kalimpong,15,26,61,1
Namdapha,7,19,58,1
Matheran,5,19,52,0
Gavi,7,25,64,1
Gandikota,9,22,60,0
Dandeli,6,21,54,0
Pangong,5,20,52,0
Havelock,8,27,61,1
Kanyakumari,5,20,54,0
Hampi,13,24,63,1
Chikhaldara,6,23,54,0
Simlipal,6,25,59,0
Pangong,6,26,59,1
Kolad,6,19,52,0
Gokarna,5,28,60,1
Mandu,9,27,59,1
Wayanad,6,20,52,0
Lakshadweep,5,20,52,0
MountAbu,6,19,54,0
Lachung,6,22,54,0
Bhedaghat,5,20,53,0
Kotagiri,6,19,62,0
Wayanad,6,23,58,0
Athirapally,15,24,63,0
Karnala,6,23,59,0
Velas,9,27,59,1
Namdapha,6,22,56,0
Zanskar,7,26,63,1
Kabini,8,27,64,1
Sundarbans,5,19,52,0
Yumthang,8,28,65,1
Kurangani,7,24,62,0
Mumbai,5,24,60,1
Kolkata,5,19,52,0
Meghalaya,6,28,61,0
Tarkarli,8,24,60,1
Silent,8,26,59,1
Thekkady,5,20,56,0
Tarkarli,9,25,60,1
Kurangani,9,28,61,1
Nagaland,6,19,53,0
Kolukkumalai,10,27,62,1
Hogenakkal,6,21,53,0
Ranthambore,6,26,62,1
Hampi,5,27,64,1
Andaman,9,28,58,1
Kalpetta,6,21,55,0
Yumthang,6,19,59,0
Ooty,6,23,59,0
Cherrapunji,5,22,55,0
Sundarbans,7,19,55,0
Valley,5,24,53,0
Kurangani,9,26,59,1
Ziro,8,26,62,1
Araku,8,23,58,1
Lachung,6,26,59,1
Tarkarli,15,26,61,1
Kalpetta,5,20,59,0
Ranthambore,7,21,52,0
Nagaland,7,24,64,1
Kumily,9,26,59,1
Dudhsagar,6,19,59,0
Ranthambore,6,26,60,1
Udaipur,8,24,60,1
Dzukou,5,23,60,1
Shillong,9,22,60,1
Sundarbans,6,22,54,0
Khajuraho,7,23,58,1
Darjeeling,5,19,58,0
Coorg,6,25,63,0
Pahalgam,6,19,53,0
Almora,6,26,60,1
Almora,7,27,61,1
Valley,6,20,54,0
Gandikota,5,20,55,0
Rajkot,8,27,64,1
Khajuraho,8,27,57,1
Kovalam,6,21,55,0
Araku,6,25,63,1
Coonoor,7,25,62,1
Andaman,6,23,62,1
Kumarakom,5,19,54,0
Bhedaghat,6,19,54,0
Khajuraho,5,24,60,0
Orchha,10,27,59,1
Jawai,5,20,52,0
Ranthambore,9,26,63,1
Dandeli,6,23,57,0
Rishikesh,7,23,59,1
Kurangani,6,19,55,0
MountAbu,11,24,65,1
Auli,6,19,65,0
Loktak Lake,6,22,52,0
Ranikhet,7,25,60,1
Cherrapunji,7,22,58,0
Dhanushkodi,7,25,53,0
Corbett,5,20,54,0
Agra,8,24,53,1
Pondicherry,6,19,52,0
Matheran,9,28,59,1
Nubra,5,19,55,0
Pachmarhi,5,21,59,0
Auli,6,24,56,1
Pachmarhi,5,22,58,0
Agumbe,8,23,59,0
Jim Corbett Nationa,7,25,57,0
Nainital,6,19,61,0
Mahabaleshwar,6,19,61,0
Kanha,6,20,54,0
Wayanad,5,24,60,1
Tarkarli,8,27,59,1
Thekkady,5,20,53,0
Valparai,5,23,59,0
Poovar,16,26,63,1
Matheran,6,25,60,1
Valparai,6,27,60,1
Zanskar,8,23,62,1
Wayanad,6,19,58,0
Periyar,6,19,52,0
Pondicherry,5,21,55,0
Kasol,8,26,62,1
Kodaikanal,8,28,61,1
Gokarna,8,23,63,1
Periyar,6,24,59,1
Pachmarhi,7,27,63,1
Kaziranga,5,25,54,0
Zanskar,9,21,58,0
Jaipur,6,26,58,1
Kanyakumari,6,20,61,1
Sambhar,6,25,58,0
Jaipur,5,22,56,0
Matheran,6,24,59,1
Halebid,5,22,62,1
Kutch,5,25,59,0
Hemis,15,25,60,1
Pachmarhi,8,26,61,1
Pahalgam,9,25,65,1
Kumarakom,9,23,61,1
Nagaland,7,28,63,1
Khajuraho,8,25,63,1
Bhedaghat,6,23,62,1
Chennai,7,27,58,1
Nainital,7,27,52,1
Lachung,7,27,60,1
Ranthambore,5,19,52,0
Bhimbetka,8,20,62,1
Tadoba,7,27,60,1
Coorg,6,19,55,0
Dzukou,5,19,54,0
JimCorbett,5,27,59,1
Nainital,9,25,61,1
Bandipur,6,21,61,0
Pachmarhi,6,24,55,0
Lachung,15,23,58,1
Shillong,6,25,61,0
Valley,6,19,59,1
Pachmarhi,5,24,64,0
Jaipur,7,20,53,0
Sariska,6,19,58,0
Periyar,14,24,59,1
Kalimpong,8,25,62,1
Nainital,6,21,57,0
Horsley,5,19,55,0
Kumarakom,7,19,52,0
Wayanad,9,27,60,1
Matheran,6,24,63,0
Dhanushkodi,5,24,56,0
Valley,8,24,53,1
Matheran,6,25,59,1
Pahalgam,6,24,63,1
Coorg,6,19,53,1
Chitrakoot,5,19,52,0
Kolukkumalai,6,21,60,1
Hogenakkal,6,20,58,1
Andaman,5,19,56,0
Khajuraho,9,28,61,1
Andaman,5,20,55,0
Pachmarhi,7,25,54,0
Kanyakumari,6,21,53,0
Chikmagalur,6,24,62,0
Pachmarhi,5,20,59,0
Ladakh,5,27,55,1
Hemis,11,24,55,1
Gir,7,27,64,1
Agra,6,23,59,0
Corbett,8,24,65,1
Hogenakkal,7,26,59,0
Matheran,6,25,60,1
Mumbai,7,26,63,1
Manali,8,25,55,0
Sundarbans,8,23,61,0
Coonoor,8,25,59,1
Sunderbans,9,27,64,1
Havelock,6,23,53,0
PenchPark,7,27,52,1
Lakshadweep,9,28,63,1
Yelagiri,7,23,63,0
Agumbe,8,24,62,1
Ziro,8,26,60,1
Athirapally,5,20,52,0
Wayanad,5,19,52,0
Yelagiri,6,21,53,0
Dhanushkodi,6,19,54,0
Pangong,9,26,64,1
Bhimbetka,7,23,58,0
Agra,6,24,58,0
Halebid,6,19,53,0
Valley,6,25,65,0
Sunderbans,5,20,53,0
Gangtok,9,20,62,1
Gangtok,16,24,59,1
Valley,7,28,64,1
Munnar,6,19,53,0
Shimla,6,19,59,0
Jaipur,8,26,62,1
Kanatal,9,28,64,1
Thekkady,6,19,52,0
KutchRann,5,23,55,0
Kaziranga,5,24,59,1
Havelock,5,24,58,0
Ooty,8,28,59,1
Gangtok,6,20,53,0
Agra,5,19,55,0
Nanda,6,19,54,0
Namdapha,5,22,54,0
Rishikesh,7,25,54,0
Gokarna,5,25,54,1
Agumbe,5,20,52,0
Malana,6,20,57,0
Manali,9,26,62,1
Valparai,5,23,58,0
Dawki,9,24,61,1
Cherrapunji,14,23,60,1
Ranthambore,9,27,63,1
Silent,6,28,58,1
Kolukkumalai,8,27,62,1
Yumthang,6,22,59,0
Udaipur,9,21,60,0
Udaipur,6,20,54,0
Pahalgam,8,26,62,1
Nubra Valley,7,25,58,1
Darjeeling,8,25,62,1
Nagzira,8,28,64,1
Dawki,8,27,63,1
Coorg,8,22,63,1
Bandhavgarh,7,22,55,0
Digha,6,24,62,1
Sundarbans,6,20,62,0
Tawang,8,23,59,0
Auroville,6,24,61,0
Havelock,6,25,59,1
Chikmagalur,6,21,55,0
Yumthang,8,26,60,1
Coorg,6,19,55,0
Malana,5,22,62,0
Silent,6,24,64,0
Andaman,5,20,54,0
Sakleshpur,8,26,61,1
Athirapally,8,26,60,1
Panna,8,24,59,1
Dandeli,6,21,62,0
Nubra,9,28,61,1
Dandeli,5,23,59,0
Yelagiri,5,20,54,0
Kasol,8,26,58,1
Dandeli,5,19,54,0
Udaipur,8,25,64,0
Rishikesh,7,25,63,0
Hampi,7,22,64,0
Ranthambore,6,26,65,1
Kolukkumalai,9,24,63,1
Tarkarli,7,20,63,1
Lachung,8,25,65,1
Poovar,6,20,59,0
Chitrakoot,6,20,53,0
Zanskar,6,24,54,0
Dudhsagar,5,19,54,0
Corbett,9,24,59,1
Digha,7,22,60,1
Chennai,6,20,53,0
Bandipur,6,24,61,0
Sakleshpur,5,19,54,0
Dhanushkodi,6,23,53,0
Horsley,9,27,59,1
Ziro,9,22,58,1
Hogenakkal,8,23,60,0
Pichavaram,6,19,54,0
Periyar,6,20,54,0
Kotagiri,5,27,60,0
Yelagiri,5,19,59,0
Leh,7,23,54,0
Bhedaghat,5,22,61,0
Tawang,5,22,55,0
Varanasi,5,23,58,1
Zanskar,6,21,62,0
Kasol,6,24,55,0
Nanda,7,19,63,1
Jog,5,20,52,0
Delhi,6,24,62,0
Valparai,7,22,59,1
Namdapha,6,22,56,0
Coonoor,6,21,53,0
Kutch,15,24,62,0
Nainital,6,22,54,0
Puri,9,25,62,1
Namdapha,8,25,64,1
Kaziranga,5,19,52,0
Loktak Lake,8,25,58,1
Zanskar,8,28,64,1
Periyar,5,23,54,0
Neil,8,26,60,1
Gangtok,9,25,60,1
Halebid,5,20,53,0
Kovalam,8,24,59,0
Kutch,5,26,57,0
Kanha,8,25,61,0
Kaziranga,5,20,53,0
Andaman,7,24,61,1
Gavi,8,23,64,0
Sariska,7,21,58,0
Coorg,5,23,60,1
Delhi,5,24,54,0
Wayanad,9,21,64,1
Jim,7,24,58,1
Majuli,5,21,54,0
Pachmarhi,6,23,59,0
Shimla,6,19,52,0
Kanha,9,25,64,1
Gangtok,5,19,58,0
Kolkata,5,22,55,0
Dawki,8,26,63,1
Tadoba,6,24,53,0
Chennai,8,27,63,1
Lakshadweep,5,25,59,0
Valley,9,26,61,0
Sundarbans,6,25,60,0
Kotagiri,9,23,58,1
Ziro,9,26,59,1
Kumarakom,6,19,53,0
Agumbe,5,19,55,0
Darjeeling,8,26,60,1
Tadoba,6,24,55,0
Matheran,7,25,60,1
Hogenakkal,9,23,60,1
Cherrapunji,6,19,56,0
Lachung,5,20,53,0
Sakleshpur,8,26,60,1
Hampi,6,24,58,0
Chikhaldara,5,24,58,1
Kolkata,5,27,65,1
Gavi,9,28,61,1
Mawlynnong,5,21,54,0
Pulicat,7,27,64,1
Auli,6,21,52,0
Ooty,9,26,63,1
Jaipur,6,22,59,1
Silent,9,26,61,1
Simlipal,6,20,53,0
Lachung,5,21,62,1
Panna,8,28,63,1
Tawang,5,26,59,0
Nanda,5,19,61,0
Kumarakom,5,19,55,0
Periyar,6,20,54,1
Orchha,6,22,58,0
Hemis,7,27,60,1
Nagzira,6,20,62,0
Periyar,6,25,59,1
MountAbu,7,21,59,0
Kaziranga,7,20,54,0
Tarkarli,6,23,58,0
Pangong,8,23,59,1
Velas,5,25,65,1
Mumbai,9,22,59,1
Dandeli,6,21,54,0
Kaziranga,9,24,53,0
Agumbe,8,25,63,1
Alleppey,7,23,63,0
Gavi,6,19,61,0
Thekkady,10,23,59,1
Silent,7,24,58,1
Gangotri,5,19,52,0
Gangtok,9,23,64,1
Munnar,9,25,62,1
Auli,5,22,53,0
Nubra,9,28,63,1
Kanha,6,22,52,0
Darjeeling,9,23,58,0
Yelagiri,6,19,62,0
Jim Corbett Nationa,6,22,52,0
Ziro,6,19,53,0
Mandu,6,23,64,0
Dzukou,9,26,62,1
Silent,14,25,58,1
Kalimpong,8,24,60,1
Zanskar,7,26,58,1
Dhanushkodi,6,19,53,0
Kanatal,5,23,59,0
Sundarbans,9,24,63,1
Chitrakoot,7,24,60,1
Kutch,9,25,60,1
Agumbe,6,22,59,0
Goa,6,19,53,0
Ranthambore,5,19,54,0
Goa,9,25,60,1
Kudremukh,7,24,59,1
Rajasthan,5,22,59,0
Ooty,9,25,62,1
Orchha,9,25,58,1
Kodaikanal,5,19,54,0
Nubra Valley,9,27,65,1
Gangtok,6,19,56,0
Coorg,8,24,58,1
Tadoba,8,27,63,1
Ziro,7,27,62,1
Kumarakom,5,20,54,0
Gurez,15,26,63,1
Kolukkumalai,9,27,62,1
Nainital,6,22,55,0
Manali,7,26,58,1
Kalimpong,8,24,64,1
Kabini,8,27,60,1
Athirapally,10,28,59,1
Rishikesh,7,23,52,0
Kumarakom,5,19,52,0
Digha,5,19,54,0
Jim Corbett Nationa,7,19,53,0
Kudremukh,5,21,56,0
Leh,5,20,54,0
Valparai,7,28,60,1
Pondicherry,6,23,59,0
Tawang,6,23,54,1
Gokarna,6,23,63,1
Gavi,6,25,59,0
Kolukkumalai,5,26,55,1
Andaman,6,20,52,0
Valley,6,19,54,0
Almora,8,28,60,1
Gurez,8,25,60,1
Kaziranga,6,20,57,0
Matheran,7,22,58,0
Ziro,8,28,63,1
Pichavaram,5,19,54,0
Agra,7,26,63,1
Kumarakom,6,23,54,0
Kurangani,8,28,64,1
Dandeli,6,24,62,1
Silent,8,23,59,0
Kumarakom,6,21,52,0
Sunderbans,7,28,65,1
Pushkar,8,27,63,1
Jog,8,28,61,1
Cherrapunji,5,19,55,0
Dandeli,8,20,53,0
Horsley,6,24,63,1
Auli,6,19,52,0
Andaman,7,24,64,1
Chennai,6,25,65,1
Spiti,5,20,53,0
Sundarbans,5,20,53,0
Kurangani,6,20,53,0
Velas,8,24,60,1
Hemis,6,19,54,0
Panna,6,25,54,1
Andaman,10,25,61,1
Gavi,6,22,58,1
Mawlynnong,6,28,61,1
Rishikesh,6,20,62,0
Valley,5,19,52,0
Yelagiri,5,25,59,0
Khajuraho,6,22,59,0
Digha,9,26,60,1
Havelock,5,24,58,1
Sariska,10,26,62,1
Kotagiri,5,20,56,0
Udaipur,6,19,52,0
Chennai,5,25,57,1
Chennai,6,23,61,0
Bhimbetka,6,23,60,0
Periyar,9,27,61,1
Auli,5,27,60,0
Malana,6,23,61,0
Jaisalmer,5,22,54,0
Panna,6,20,59,0
Yumthang,8,23,53,0
Goa,5,23,65,0
Kolad,6,24,55,0
Kotagiri,6,23,52,0
Gandikota,6,27,64,1
Kaziranga,6,23,59,0
Rajasthan,5,24,55,0
Chitrakoot,6,27,59,0
Bhimbetka,5,19,54,0
Majuli,7,21,53,0
Kurangani,9,25,63,1
Kurangani,9,25,62,1
Agatti,8,26,58,1
Kodaikanal,6,21,59,0
Dhanushkodi,7,28,64,1
Horsley,5,19,59,0
Jaisalmer,5,20,54,0
Munnar,6,24,64,1
Jaisalmer,9,26,58,1
Kasol,6,20,54,0
Jaisalmer,7,25,61,1
Sambhar,6,22,64,0
Auli,7,28,63,1
Yumthang,9,22,53,0
Nanda,5,19,60,0
Andaman,5,24,55,0
Gandikota,8,26,64,1
Malana,6,20,53,0
Darjeeling,9,25,63,1
Jim Corbett Nationa,6,25,57,1
Athirapally,6,24,60,0
Cherrapunji,5,19,55,0
Nainital,7,23,59,1
Matheran,9,25,63,0
Silent,6,20,57,0
Jaipur,5,21,52,0
Digha,5,21,55,0
Orchha,9,27,63,1
Orchha,7,25,59,1
Kumily,8,24,58,1
Kalpetta,5,20,54,0
Hampi,7,26,63,1
Wayanad,9,24,61,1
Corbett,6,19,52,0
Halebid,5,19,55,0
Lakshadweep,6,23,63,1
Mahabaleshwar,5,19,53,0
Chikhaldara,16,26,63,1
Kaziranga,5,20,53,0
Ooty,6,23,59,0
Coorg,5,21,54,0
Mandu,8,21,53,0
Jaisalmer,7,21,55,0
KutchRann,6,26,60,1
Poovar,9,28,64,1
Dzukou,8,28,61,1
Sambhar,7,22,60,0
Kabini,9,28,65,1
Kovalam,7,20,58,0
Gokarna,7,19,55,0
Pachmarhi,5,26,58,0
Mysore,8,26,64,1
Pulicat,7,26,59,1
Gangtok,12,23,63,1
Varanasi,8,27,62,1
Velas,8,24,58,1
Dzukou,6,19,56,0
Kalpetta,6,21,56,0
Gokarna,8,26,62,0
Pangong,6,23,57,1
Kaziranga,9,22,60,1
Nubra Valley,6,19,55,0
Sambhar,5,23,62,0
Andaman,6,19,61,0
Pahalgam,8,28,58,1
Dzukou,6,26,65,0
Kaziranga,6,23,55,0
Bandhavgarh,6,21,53,0
Kaziranga,7,19,52,0
Puri,9,26,60,1
Wayanad,5,19,61,1
Kaziranga,6,22,58,0
Dandeli,5,21,54,0
Lachung,5,21,60,1
Gandikota,7,22,57,0
Araku,8,27,61,1
Loktak Lake,6,19,52,0
Gangtok,8,22,63,1
Pahalgam,5,25,57,0
Andaman,5,20,52,0
Gavi,8,23,59,1
Meghalaya,6,23,53,0
Gangtok,8,28,63,1
Cherrapunji,7,19,60,0
Kasol,6,19,58,0
Neil,7,25,64,1
Wayanad,8,24,57,1
Dandeli,7,23,56,0
Periyar,5,24,63,0
Kaziranga,8,25,58,0
Kolukkumalai,9,24,59,1
Jog,5,23,55,0
Kaziranga,6,19,53,0
JimCorbett,10,25,65,1
Silent,7,27,60,1
Ooty,6,21,61,0
Majuli,6,19,54,0
Kolukkumalai,8,25,59,1
Gandikota,10,26,63,1
Majuli,9,25,62,1
Kotagiri,6,20,56,0
Gokarna,8,22,54,0
Tadoba,5,21,58,0
Tawang,8,23,58,0
Kolukkumalai,8,27,60,1
Kalimpong,5,24,59,0
Gokarna,5,22,55,0
Spiti,6,23,53,0
Lachung,6,19,53,0
Gangtok,10,26,57,1
Valparai,6,26,55,1
Rajasthan,6,21,60,0
Hampi,7,24,57,1
Tawang,6,23,58,0
Coonoor,5,19,55,0
Gir,9,27,63,1
Tarkarli,10,27,60,1
ChampanerPavagadh,5,26,59,0
Cherrapunji,5,22,59,1
Delhi,6,19,55,0
Tarkarli,7,23,59,1
Kutch,13,23,53,1
Kalpetta,7,28,62,1
Silent,8,25,60,1
Tarkarli,8,26,61,1
Kalimpong,6,19,54,0
Dandeli,6,20,58,0
Gangotri,9,24,60,1
Hemis,9,28,65,1
Gangtok,7,28,64,1
Alleppey,5,20,54,0
Pondicherry,6,24,59,0
Alleppey,6,24,58,1
Wayanad,5,19,64,0
Dandeli,6,23,52,0
Kasol,9,26,62,1
Rajasthan,6,20,59,0
Kotagiri,7,23,60,1
Coorg,7,24,60,0
Agumbe,6,19,52,0
Nagaland,8,26,64,1
Zanskar,7,22,59,1
Hogenakkal,14,25,60,1
Dawki,7,24,58,1
Shillong,5,19,56,0
Wayanad,5,22,60,1
Sundarbans,6,19,61,0
Kolukkumalai,9,27,64,1
Ranikhet,6,19,58,0
Dandeli,7,19,57,0
Chennai,5,26,64,1
Nanda,7,19,54,0
Wayanad,6,22,59,0
Kanha,5,25,60,1
Cherrapunji,7,28,57,1
Auli,8,28,62,1
Bhedaghat,6,24,62,0
Gangtok,9,27,65,1
JimCorbett,5,20,56,0
Kanatal,7,19,53,0
Valparai,5,23,58,1
Athirapally,15,27,62,1
Ranikhet,6,20,52,0
Kotagiri,5,24,53,0
Pangong,7,25,64,1
Auroville,5,19,55,0
Digha,7,19,53,0
Kaziranga,5,19,52,0
Velas,9,24,65,1
Puri,5,26,59,0
Dandeli,5,19,59,0
Silent,9,25,59,1
Gandikota,7,24,54,1
Manali,9,24,60,1
Gokarna,6,20,64,0
Auli,7,23,60,1
Kanatal,5,19,55,0
Orchha,6,20,54,0
Corbett,8,25,59,1
Dzukou,6,27,59,1
Coorg,6,23,63,0
Meghalaya,8,28,59,1
Kaziranga,7,26,65,0
Lachung,9,26,63,1
Auli,7,22,59,1
Agra,6,24,55,0
Neil,8,24,65,1
Kumarakom,5,24,57,0
Dzukou,6,24,61,0
Namdapha,5,22,56,0
Almora,8,22,58,1
Wayanad,8,21,62,0
Dzukou,8,24,60,1
Pahalgam,9,27,58,1
Gavi,6,24,63,1
Gangotri,8,27,62,1
Ranthambore,8,26,65,0
Pushkar,5,19,52,0
Gavi,9,27,65,1
Nubra,9,26,59,1
Hampi,7,23,60,1
Gir,6,20,52,0
Kodaikanal,6,21,58,0
Athirapally,8,26,64,1
JimCorbett,7,20,60,0
Kutch,9,24,61,1
Ladakh,7,24,59,1
Shillong,8,28,62,1
Silent,5,22,53,0
Bandipur,7,26,60,1
Nubra,6,27,59,0
Pondicherry,9,23,58,1
Pangong,9,26,60,1
Kudremukh,6,20,60,0
Kutch,6,24,62,0
Jog,9,25,62,1
Bandhavgarh,6,19,53,0
Wayanad,7,23,52,0
Nubra,7,25,62,1
Tawang,6,19,53,0
Yumthang,6,24,61,0
Ooty,6,28,63,1
Coorg,7,26,60,0
Sakleshpur,12,23,59,0
Thekkady,5,22,54,0
Wayanad,6,21,52,0
Alleppey,10,25,63,1
Gavi,8,25,59,1
Spiti,7,27,58,1
Corbett,9,26,60,1
Majuli,6,25,61,1
Kodaikanal,8,23,58,1
Kanyakumari,9,24,59,1
Hampi,8,25,64,1
Pangong,9,25,61,1
Tawang,6,24,61,1
Dandeli,6,27,62,1
Gangotri,9,28,64,1
Mawlynnong,7,23,53,1
Yelagiri,7,26,62,1
Coorg,5,23,53,0
Cherrapunji,9,28,59,1
Shimla,5,19,58,0
Nubra,9,25,58,1
Yumthang,9,26,59,1
Hogenakkal,9,22,60,1
Chikmagalur,7,26,57,1
Pachmarhi,6,23,58,0
Chikhaldara,8,25,59,1
Kaziranga,6,25,63,1
Araku,9,24,59,1
Alleppey,8,25,65,1
Kabini,5,26,65,0
Gangotri,5,22,53,0
Pangong,6,19,52,0
Alleppey,8,25,65,1
Mandu,5,20,55,0
Nainital,5,19,54,0
Pichavaram,5,23,54,0
Kalpetta,7,19,53,0
Pachmarhi,5,19,53,0
Delhi,6,20,54,0
Velas,8,26,62,1
Neil,6,21,56,0
Kurangani,8,27,64,1
Alleppey,6,21,52,0
Spiti,6,19,52,0
Jim,7,20,53,0
Nanda,9,27,63,1
Hampi,5,24,64,1
Neil,9,20,59,1
Havelock,6,20,58,0
Mahabaleshwar,5,23,54,1
Sunderbans,9,27,64,1
Kaziranga,6,25,59,1
Manali,8,26,58,0
Coorg,6,25,60,1
Spiti,6,25,58,1
KutchRann,5,26,58,0
Jog,8,27,64,1
Nainital,5,19,52,0
Dzukou,8,27,59,1
Periyar,6,20,55,0
Matheran,5,21,53,1
Chikmagalur,6,19,52,0
Loktak Lake,9,26,59,1
Yumthang,9,26,61,1
Kolkata,11,19,54,0
Lakshadweep,5,19,62,0
Kovalam,14,22,54,0
Loktak Lake,8,26,63,1
Malana,7,28,63,1
Gavi,6,23,61,1
Kotagiri,5,26,60,0
Gavi,8,21,58,1
Goa,7,22,59,0
Matheran,6,19,55,0
Gokarna,15,22,60,0
Shillong,5,24,60,0
Gavi,6,25,64,1
Gavi,6,25,54,0
Meghalaya,8,26,59,1
Nubra,5,22,55,1
Yelagiri,13,23,64,1
Auli,5,20,61,0
Dandeli,9,25,59,1
Sundarbans,5,20,60,0
Puri,5,19,55,0
Cherrapunji,9,27,65,1
Gandikota,5,19,55,0
Periyar,6,19,52,0
Munnar,5,21,59,0
Yercaud,6,23,53,0
Almora,5,19,54,0
Kaziranga,6,22,53,0
Sambhar,6,25,59,1
Pichavaram,6,22,58,0
Nubra,6,21,55,0
Sundarbans,5,19,54,0
Nubra,6,19,54,0
Periyar,7,26,61,1
Auli,5,19,52,0
Leh,6,19,55,0
Orchha,9,26,65,1
Valley,8,20,58,0
Majuli,7,24,58,1
Andaman,5,19,54,0
Kutch,10,28,61,1
Gir,9,26,59,1
ChampanerPavagadh,6,24,59,1
Chikmagalur,8,28,61,1
Wayanad,16,22,58,1
Mandu,9,25,63,1
Malana,14,25,60,1
Kumarakom,6,19,53,0
Leh,6,21,61,0
Nubra Valley,6,22,53,0
Nubra,14,25,63,1
Dandeli,5,19,52,0
Tadoba,7,27,54,1
Namdapha,6,19,53,0
Mandu,5,19,53,0
Havelock,5,24,53,0
Jaisalmer,5,19,54,0
Kalpetta,14,25,65,1
Sakleshpur,8,25,65,1
Gangotri,6,19,56,0
Hampi,6,19,53,0
Gokarna,7,23,63,1
Karnala,6,22,58,0
Kaziranga,8,27,63,1
Dandeli,5,22,58,0
Kotagiri,6,19,52,0
Dzukou,5,22,56,0
Pachmarhi,6,21,60,1
Dudhsagar,8,24,63,1
Chikhaldara,9,27,60,1
Nubra Valley,7,19,55,0
Goa,8,28,64,1
Gangotri,8,21,58,1
Bandhavgarh,9,25,61,1
Pondicherry,5,19,54,0
Kumarakom,9,27,59,0
Puri,5,24,55,0
Cherrapunji,6,21,59,0
Chikmagalur,9,26,60,1
Alleppey,9,26,59,1
Gurez,6,22,63,1
Rajkot,8,28,61,1
Kalimpong,10,25,60,1
Pondicherry,6,19,53,0
Wayanad,7,21,58,0
Kumarakom,6,23,53,0
Andaman,5,22,58,0
Hemis,5,19,53,0
Gokarna,6,23,53,0
Lakshadweep,6,20,54,0
Nanda,6,19,62,0
MountAbu,6,21,58,0
Mumbai,6,23,61,0
Digha,6,23,54,0
Athirapally,6,19,55,0
Meghalaya,7,21,54,0
Dandeli,5,19,52,0
Simlipal,8,24,61,1
Rajkot,8,25,59,1
Velas,10,26,59,1
Puri,7,23,63,1
Pondicherry,9,24,60,1
Auli,8,26,60,1
Auli,7,20,52,0
Silent,7,23,60,0
Kaziranga,5,19,61,0
Kutch,7,22,55,0
Lakshadweep,6,23,53,0
Dzukou,8,25,59,1
Leh,5,20,53,0
Goa,6,19,59,0
Kaziranga,5,19,53,0
Mahabaleshwar,6,24,59,0
Wayanad,5,20,53,0
Majuli,8,23,58,0
Dandeli,5,19,52,0
Ranikhet,6,19,55,0
Andaman,7,24,53,0
Cherrapunji,6,22,60,1
Hogenakkal,8,25,63,1
Gangtok,6,23,56,0
Coonoor,8,26,62,1
Kumarakom,6,19,53,0
Mahabaleshwar,5,26,63,1
Orchha,9,23,57,1
Almora,5,19,52,0
Pichavaram,5,22,56,0
Kutch,8,24,65,1
Shillong,6,27,63,1
Dandeli,7,26,60,1
Mawlynnong,7,25,64,1
Kanha,9,25,59,1
Kutch,10,25,58,1
Gangotri,16,23,53,0
Sakleshpur,6,19,52,0
Kodaikanal,5,25,65,0
Kanyakumari,9,27,59,1
Tadoba,7,25,59,1
Agatti,7,23,57,0
Thekkady,5,19,53,0
Silent,9,26,64,1
Kalimpong,8,27,65,1
Auli,5,20,54,0
Coonoor,5,21,53,0
Kanha,8,24,59,1
Rajasthan,5,19,55,0
Kalimpong,5,19,58,0
Pangong,8,24,54,1
Pahalgam,6,24,58,0
Matheran,6,19,52,0
Sakleshpur,5,19,52,0
Hampi,8,26,59,1
Nainital,9,25,65,1
KutchRann,5,24,53,0
PenchPark,6,20,53,1
Kumarakom,6,19,54,0
Kurangani,7,26,64,1
Kaziranga,5,20,53,0
Kumarakom,7,22,55,0
Gavi,7,23,58,1
Coorg,8,26,59,1
Shimla,15,24,64,1
Karnala,5,21,55,0
Dzukou,8,26,64,1
Lakshadweep,5,19,56,0
Matheran,14,25,59,1
Kanha,7,21,60,1
Gavi,7,20,59,1
Rajasthan,8,23,61,1
Dhanushkodi,8,25,65,1
Gangtok,5,21,52,0
Pachmarhi,5,26,60,0
Kalimpong,9,26,63,1
Nubra,7,25,57,1
Kanha,16,19,58,0
Coorg,6,22,54,0
Sambhar,8,26,61,1
Pondicherry,9,24,62,1
Mumbai,6,19,53,0
Nainital,6,25,64,1
Gavi,5,19,54,0
Jim Corbett Nationa,6,22,54,0
Kurangani,13,26,58,1
Mandu,5,21,53,0
Pushkar,7,25,61,1
Kutch,6,24,58,0
Hemis,9,28,63,1
Gir,9,28,61,1
Havelock,6,27,60,1
Delhi,6,27,62,1
Agumbe,5,19,55,0
Kalimpong,8,26,58,1
Agra,9,25,61,1
ChampanerPavagadh,6,19,55,0
Loktak Lake,6,19,57,0
Lakshadweep,8,25,59,1
Hampi,6,19,60,0
Dhanushkodi,5,25,59,1
Pondicherry,6,25,61,1
Velas,9,28,65,1
Manali,5,19,55,0
Jim Corbett Nationa,5,24,61,1
Kumarakom,12,23,55,0
Tadoba,6,20,58,0
Pachmarhi,5,22,55,0
Wayanad,6,23,56,0
Varanasi,6,24,58,1
Kanha,9,26,57,1
Ranthambore,5,23,63,1
Pahalgam,9,28,63,1
Pangong,5,27,58,1
Dandeli,12,20,52,0
Karnala,5,21,59,0
Ranthambore,7,25,61,1
Periyar,7,27,63,1
Agumbe,5,21,55,0
Gangotri,7,27,59,1
Digha,6,25,61,1
Sariska,6,19,53,0
Ranikhet,8,26,59,1
ChampanerPavagadh,9,26,59,1
ChampanerPavagadh,8,25,64,1
Sundarbans,8,24,58,0
Kalimpong,5,25,59,1
Kaziranga,6,20,53,0
Kumarakom,7,21,63,0
Poovar,8,26,61,1
Jaisalmer,5,19,52,0
Darjeeling,9,26,65,1
Hogenakkal,7,19,52,0
Coonoor,6,23,59,0
Kalpetta,13,24,60,0
Sunderbans,6,24,59,1
Goa,5,21,53,0
Hogenakkal,8,25,63,1
Valparai,14,26,60,1
Poovar,6,24,58,0
Poovar,6,19,52,0
Lakshadweep,6,20,53,0
Kumarakom,6,23,54,0
Spiti,6,25,61,1
Nubra,7,24,58,1
Valley,9,28,60,1
Loktak Lake,5,19,53,0
Silent,6,24,55,0
Zanskar,7,27,61,1
Nainital,7,19,52,0
JimCorbett,6,25,63,1
Digha,8,27,62,1
Bhimbetka,6,19,56,0
Pushkar,6,19,56,0
Pahalgam,6,22,55,0
Ooty,6,25,60,1
Ooty,6,19,53,0
Mahabaleshwar,9,28,60,1
Alleppey,9,26,60,1
ChampanerPavagadh,8,28,62,1
Ranikhet,8,26,62,1
Kolad,6,22,56,1
Tawang,6,24,56,1
Mawlynnong,8,27,59,1
Kasol,7,24,60,1
Wayanad,8,24,61,1
Kabini,7,24,57,1
Hogenakkal,8,25,63,1
Yercaud,8,28,65,1
Kaziranga,8,24,63,0
Kolkata,7,23,65,1
Kaziranga,6,22,61,1
Yercaud,6,25,63,0
Leh,5,21,57,0
Mawlynnong,9,24,59,1
Sakleshpur,6,19,58,0
Bhimbetka,9,26,63,1
Kurangani,7,22,59,0
Matheran,6,22,54,0
Yelagiri,6,27,59,1
Loktak Lake,8,28,61,1
Tawang,9,26,64,1
Ooty,7,20,59,0
Pulicat,9,25,59,0
Wayanad,7,21,52,0
Pulicat,6,21,59,0
Dhanushkodi,8,25,58,0
Yelagiri,9,26,58,1
Chikhaldara,9,23,63,1
Malana,5,25,58,1
Silent,7,22,65,0
Dzukou,8,25,58,1
Varanasi,8,28,57,1
Havelock,8,26,58,1
Pondicherry,8,27,62,1
Agatti,6,19,52,0
Kaziranga,5,23,56,0
Neil,6,22,54,0
Jaipur,8,27,60,1
Tadoba,9,24,63,1
Pachmarhi,13,27,62,0
Periyar,6,23,60,1
Gokarna,8,24,58,1
Nagzira,6,20,53,0
Lakshadweep,8,24,65,1
Darjeeling,6,27,63,1
Khajuraho,6,19,52,0
Darjeeling,6,25,59,1
Kanyakumari,8,26,61,1
Khajuraho,6,22,57,0
Kaziranga,6,19,60,0
Ranthambore,7,25,62,1
Athirapally,6,23,60,0
Kodaikanal,6,22,52,0
Andaman,5,19,52,0
Lachung,7,25,59,0
Bandipur,7,22,56,0
Hampi,6,19,52,0
Silent,5,24,61,1
Gangotri,16,27,60,0
Neil,7,24,64,0
Rajkot,5,19,54,0
Hogenakkal,7,23,60,1
Nagzira,7,25,59,1
Pahalgam,6,22,57,0
Malana,6,20,59,0
Pachmarhi,15,28,61,1
Shillong,9,27,59,1
Kodaikanal,6,23,58,1
Dandeli,7,22,53,1
Gangtok,7,22,58,0
Coonoor,5,19,52,0
Pushkar,5,21,60,0
Hampi,8,22,64,1
Mumbai,6,19,53,0
Manali,6,19,55,0
ChampanerPavagadh,9,27,59,1
Hampi,5,20,54,0
Dawki,6,25,63,1
Havelock,8,25,64,1
Wayanad,6,26,54,0
Thekkady,6,20,53,0
Nainital,7,19,52,0
Auli,6,21,58,1
Kaziranga,5,19,53,0
Agumbe,5,19,52,0
Coorg,7,24,61,0
Rajasthan,6,19,54,0
MountAbu,6,22,54,0
Tawang,7,20,56,0
Valley,10,27,63,1
Dzukou,6,25,63,1
Bhedaghat,5,20,62,0
Darjeeling,6,24,65,0
Gavi,8,27,59,1
Gavi,5,23,65,0
Ranikhet,5,27,60,1
Kumarakom,8,25,63,0
Gir,5,19,58,0
Coorg,8,26,60,1
Kovalam,6,23,54,0
Kumarakom,5,25,62,1
Silent,6,22,59,1
Andaman,5,19,54,0
Gir,6,20,52,0
Coorg,6,19,53,0
Thekkady,6,19,59,0
Yumthang,10,22,61,0
Rajasthan,5,24,55,0
Agra,14,23,63,1
Nainital,9,19,64,1
Pachmarhi,6,19,55,0
Hampi,5,19,55,0
Cherrapunji,7,26,60,1
Bandipur,5,19,55,0
Auli,6,25,63,1
Dandeli,5,25,56,0
Dhanushkodi,6,23,56,0
Pachmarhi,5,22,60,0
Kaziranga,5,21,55,0
Dandeli,11,23,57,0
Yercaud,8,26,60,1
Kaziranga,6,24,56,0
Yelagiri,7,27,59,1
Lakshadweep,5,20,55,0
Auli,9,24,59,1
Namdapha,9,25,58,1
Jim,8,26,60,1
Jaipur,6,25,59,0
Auli,6,19,53,0
Jog,10,27,61,1
KutchRann,14,21,52,0
Pangong,5,27,62,1
Sambhar,9,28,62,1
Kutch,8,26,59,1
Sambhar,6,23,61,1
Dhanushkodi,5,23,55,0
Nanda,8,22,58,0
Kalpetta,5,19,52,0
Wayanad,5,20,53,0
Auli,8,26,61,1
Jim,8,24,57,1
Jog,5,19,53,0
Sundarbans,7,25,64,0
Jaipur,6,19,55,0
Bandipur,8,21,60,0
Silent,6,28,60,0
Dzukou,8,23,59,1
Auroville,6,20,54,0
Mawlynnong,9,21,65,1
Mahabaleshwar,9,26,62,1
Cherrapunji,9,26,62,1
Hampi,7,19,55,0
PenchPark,6,19,55,0
Puri,8,22,59,1
Dandeli,8,24,57,1
Silent,8,24,59,1
Periyar,5,19,55,0
Chikhaldara,5,25,62,1
Mawlynnong,6,19,53,0
Kutch,6,25,53,0
Agumbe,8,25,63,1
Kolukkumalai,5,25,58,1
Athirapally,9,27,59,1
Andaman,6,24,58,1
Thekkady,5,26,63,1
Hampi,6,22,60,0
Pichavaram,6,19,55,0
Rishikesh,7,25,58,1
Kasol,8,24,63,1
Hampi,5,23,55,0
Ranikhet,5,21,55,0
Kaziranga,9,24,63,1
Kabini,5,23,59,1
Almora,9,26,60,1
Orchha,8,25,62,1
Panna,6,24,63,0
Yumthang,7,24,64,1
Kanha,5,23,53,0
Coonoor,6,24,59,1
KutchRann,6,23,57,0
Khajuraho,7,22,58,0
Kumarakom,5,21,54,0
Hampi,6,25,54,0
Jaipur,8,26,59,1
Dandeli,5,19,54,0
Darjeeling,6,22,64,0
Auroville,8,24,60,1
Kumily,5,23,61,0
Shimla,6,19,55,0
Havelock,14,26,64,1
Kolukkumalai,8,25,52,1
Bandhavgarh,10,27,59,1
Kaziranga,6,21,52,0
Pushkar,6,26,58,1
Kolukkumalai,16,27,60,1
Dudhsagar,5,19,52,0
Halebid,6,23,54,0
Chikhaldara,5,24,58,1
Orchha,8,26,63,1
Kumarakom,5,19,54,0
Kaziranga,6,22,58,0
Nubra Valley,6,20,53,0
Varanasi,5,19,54,0
Munnar,6,21,53,0
Hampi,6,23,58,0
Kolukkumalai,5,22,59,0
Dawki,8,24,59,1
Nagaland,5,21,52,0
Panna,8,25,65,1
Kanha,6,24,58,0
Tawang,8,23,59,1
Gir,6,21,55,0
Hampi,6,23,61,0
Tarkarli,9,24,64,1
Wayanad,5,19,52,0
Kanatal,7,19,65,0
Yelagiri,7,26,64,1
Spiti,15,24,59,0
Jim,7,20,54,0
Delhi,7,21,58,1
Velas,8,25,61,1
Horsley,16,25,57,0
Coonoor,6,20,54,0
Tawang,8,26,63,1
Jim,8,27,54,1
Sakleshpur,8,27,63,1
Almora,5,19,58,0
Mawlynnong,5,24,65,0
Pushkar,7,22,55,0
Shillong,7,24,63,0
Chikhaldara,8,25,59,1
Kutch,9,27,65,1
Nubra Valley,8,22,59,1
Havelock,9,28,65,1
Bandipur,8,22,58,1
Sambhar,8,28,62,1
Gokarna,16,25,59,1
Gandikota,9,21,60,1
Kumarakom,6,24,60,0
Gavi,8,21,58,1
Chennai,7,28,62,1
Almora,7,20,58,0
Kurangani,15,24,60,1
Valparai,5,23,64,0
Shillong,6,28,62,1
Matheran,6,21,62,0
Gavi,9,25,59,1
Rajasthan,5,22,62,0
Thekkady,6,23,56,0
Kasol,6,26,58,1
Gokarna,5,24,60,1
Delhi,5,24,54,0
Yelagiri,7,25,56,1
Spiti,6,28,65,1
Jaisalmer,5,21,56,0
Hampi,6,28,65,1
Gokarna,7,27,54,0
Shillong,6,26,60,1
Kaziranga,6,23,58,1
Kodaikanal,9,27,58,1
Gavi,6,25,64,0
Mysore,5,28,65,1
Delhi,6,24,54,0
Valparai,5,26,65,0
Velas,7,25,62,1
Gokarna,8,26,63,1
Namdapha,6,19,54,0
Ladakh,9,23,65,1
Nainital,6,24,60,0
Nubra Valley,5,19,52,0
Kaziranga,5,25,60,1
Kanha,6,24,60,0
Dandeli,5,19,63,0
ChampanerPavagadh,5,20,59,0
Agumbe,8,24,58,1
Pulicat,8,25,59,1
Simlipal,5,25,62,1
Andaman,8,26,60,1
Kumily,6,19,53,0
Hampi,5,25,63,1
Nanda,6,24,60,0
Kalpetta,7,22,53,0
Hampi,9,19,55,0
Silent,8,24,57,1
Sakleshpur,8,23,61,1
Hogenakkal,5,19,53,0
Periyar,6,23,53,0
Kumarakom,8,26,58,1
Wayanad,9,23,62,0
Kanyakumari,9,23,64,1
Majuli,9,26,63,1
Spiti,5,22,58,1
Kalimpong,9,25,62,1
Kumarakom,6,19,54,0
Kudremukh,9,25,58,1
Hampi,8,26,61,1
Pahalgam,5,20,53,0
Kanatal,6,23,61,1
Dandeli,6,20,52,0
Dzukou,7,25,65,1
Lakshadweep,9,24,63,1
Delhi,5,22,55,0
Agra,5,20,54,0
Halebid,5,19,58,0
Leh,6,19,55,0
Kumarakom,5,19,52,0
Loktak Lake,8,27,58,1
Tawang,6,24,65,0
Pulicat,5,20,57,0
Hogenakkal,9,24,60,1
ChampanerPavagadh,6,24,60,1
Varanasi,7,25,64,1
Leh,6,19,52,0
Nainital,6,22,61,1
Kanha,6,21,57,0
Pahalgam,6,19,54,0
Gokarna,6,23,64,1
ChampanerPavagadh,6,21,60,0
Majuli,5,21,53,0
Tadoba,6,21,53,0
Rajkot,9,25,60,1
Tarkarli,9,28,64,1
Kumarakom,5,20,53,0
Majuli,6,19,54,0
Tawang,8,23,58,1
Rishikesh,6,23,54,0
Dawki,7,23,63,1
Kutch,8,24,63,1
Halebid,6,20,54,0
Jog,9,26,61,1
Delhi,8,26,64,1
Nubra Valley,5,20,54,0
Kovalam,5,23,55,0
Lakshadweep,5,22,63,0
Pondicherry,7,21,59,0
Valparai,7,23,53,0
Tarkarli,6,24,64,0
Kumarakom,5,21,58,0
Jim,6,19,54,0
Ladakh,6,25,62,0
Valley,9,25,65,1
Matheran,6,24,64,1
Ranthambore,9,24,60,1
Agumbe,5,25,60,1
Nainital,6,25,63,1
Ooty,7,25,58,1
Corbett,5,19,53,0
Nainital,6,23,58,0
Leh,5,22,63,1
Lakshadweep,7,24,58,0
Agumbe,5,22,58,0
Sakleshpur,9,25,57,1
Tarkarli,8,26,63,1
Hemis,6,22,60,1
Agra,8,28,61,1
Gavi,6,22,64,0
Loktak Lake,7,27,55,1
Valley,6,25,56,0
Agatti,5,21,54,0
Dhanushkodi,7,28,60,0
Wayanad,5,22,52,0
Cherrapunji,5,19,54,0
Kasol,8,26,58,0
Nainital,6,19,54,0
Coorg,9,27,61,1
Hampi,6,24,60,1
Hampi,5,19,60,1
Kanha,8,24,60,1
Chikhaldara,6,25,63,1
Nainital,9,27,59,1
Pachmarhi,5,22,55,0
Rajkot,8,25,59,1
Sundarbans,9,19,52,0
Gangtok,8,25,61,1
Silent,7,26,62,1
Mysore,7,23,59,1
Kaziranga,7,19,54,0
Pachmarhi,6,23,58,1
Jog,5,20,56,0
Kanyakumari,6,20,52,0
Panna,8,27,63,1
Ladakh,6,24,60,0
Silent,8,21,65,1
Wayanad,6,20,58,0
Shillong,6,26,63,1
Jim Corbett Nationa,6,23,53,0
Alleppey,6,24,52,1
Kotagiri,5,20,55,0
Tawang,6,24,55,0
Gavi,9,27,65,1
Gavi,7,28,60,1
Kaziranga,5,19,52,0
Kodaikanal,7,23,59,0
Sambhar,6,19,54,0
Periyar,7,24,55,0
Nubra,5,27,60,1
Gokarna,6,23,58,0
Kumarakom,6,25,59,1
Kovalam,5,19,53,0
Sambhar,8,27,60,1
Varanasi,5,20,63,1
Digha,8,28,64,1
Cherrapunji,8,25,59,1
Horsley,9,25,62,1
Hemis,9,24,59,1
Nagzira,8,24,59,1
Delhi,8,28,62,1
Pahalgam,6,25,60,0
Kasol,7,20,59,0
Gokarna,7,21,64,1
Cherrapunji,5,20,53,0
Lakshadweep,6,19,52,0
Nagzira,7,22,58,1
Pangong,8,27,61,1
Kurangani,8,26,63,1
Halebid,5,22,55,0
Wayanad,5,19,53,0
Jaipur,6,19,53,0
Sunderbans,8,25,59,0
Hampi,7,27,59,1
Silent,6,25,59,0
Gandikota,5,19,61,0
Wayanad,6,19,58,0
Delhi,9,23,60,1
Pahalgam,5,23,56,0
Hogenakkal,6,25,58,1
Valley,6,19,60,0
Ranthambore,8,24,60,1
Pulicat,6,26,63,1
Silent,7,28,63,1
Rajasthan,6,19,65,0
KutchRann,6,20,59,1
Manali,9,25,59,1
Majuli,6,28,63,1
Andaman,5,22,59,0
Kanyakumari,7,19,52,0
Udaipur,9,26,63,1
Wayanad,12,23,54,0
Ranthambore,7,22,61,1
Gir,7,22,63,1
Jog,6,20,53,0
Agra,6,24,58,1
Sundarbans,5,24,54,0
Kurangani,8,25,56,0
Chitrakoot,8,21,55,0
Rishikesh,6,23,63,1
Jog,6,20,54,0
Kumily,6,20,64,0
Bandipur,6,19,54,0
Kaziranga,6,26,60,1
Yercaud,6,23,62,0
Kanyakumari,8,25,59,1
Gokarna,6,20,52,0
Agumbe,6,24,55,0
Andaman,8,21,56,0
Gavi,6,23,59,1
Silent,8,24,59,1
Kaziranga,15,26,59,1
Periyar,6,19,52,0
Nubra Valley,9,25,60,1
Malana,5,27,62,1
Meghalaya,6,22,62,0
Goa,9,28,65,1
Kodaikanal,6,24,64,0
Bhimbetka,8,24,60,1
Kaziranga,6,20,53,0
Dzukou,6,27,58,1
Dhanushkodi,5,24,53,0
Kaziranga,6,19,53,0
Kaziranga,5,19,53,0
Yercaud,15,26,60,1
Kovalam,6,22,55,1
Kumarakom,6,26,64,0
Hampi,5,19,52,0
Kurangani,6,19,54,0
Pahalgam,6,27,58,1
Ooty,16,24,64,1
Kaziranga,6,20,55,0
Udaipur,9,28,63,1
Yumthang,5,19,55,0
Ooty,5,22,56,0
Pachmarhi,6,24,62,1
Havelock,8,23,64,1
Zanskar,9,26,61,1
Kaziranga,5,23,59,0
Rajasthan,9,25,63,1
Gangtok,9,26,60,1
Ooty,9,26,61,1
Sariska,5,26,61,1
Sundarbans,11,25,60,0
Lachung,9,25,64,1
Spiti,6,22,53,1
Coorg,6,23,59,0
Pushkar,7,24,61,1
Kumarakom,7,22,54,0
Khajuraho,12,26,60,1
Zanskar,5,22,58,1
Kolkata,9,25,64,1
Kaziranga,6,19,55,0
Chikhaldara,5,24,58,1
Kolukkumalai,7,23,54,0
Neil,5,20,55,0
Spiti,6,20,55,0
Andaman,8,19,52,0
Nainital,6,22,59,0
Poovar,14,22,65,0
Kalimpong,7,25,58,1
Tadoba,6,20,53,0
Pangong,5,24,58,0
Rishikesh,5,25,62,0
Delhi,6,25,61,0
Pachmarhi,9,24,62,1
Tawang,6,23,56,0
Valparai,10,27,60,1
Khajuraho,5,19,52,0
Gokarna,7,25,60,0
Periyar,5,20,53,0
Kalimpong,10,28,60,1
KutchRann,15,25,60,1
Dzukou,6,25,64,1
Periyar,5,19,54,0
Gavi,6,19,59,0
Andaman,7,26,62,1
Kudremukh,8,24,59,0
Kotagiri,8,27,60,1
Pichavaram,6,24,63,1
Coorg,6,20,56,0
Gavi,8,23,62,1
Bhedaghat,9,26,61,1
Coonoor,8,26,60,1
Ladakh,5,19,53,0
Karnala,7,23,59,0
Varanasi,8,25,60,1
Nagaland,6,19,53,0
Zanskar,7,28,63,1
Lachung,5,19,54,0
Chikmagalur,6,19,56,0
Darjeeling,7,23,59,0
Zanskar,9,25,65,1
Valparai,9,25,59,1
Kabini,8,25,57,1
Rishikesh,5,23,55,0
Periyar,6,19,54,0
Pushkar,6,25,56,0
Coorg,6,19,52,0
Sundarbans,15,21,58,0
Gavi,6,21,58,0
Zanskar,6,23,52,0
Chennai,5,20,55,0
Yercaud,6,20,55,0
Lachung,8,24,58,1
Sunderbans,5,20,53,0
Lachung,7,24,55,1
Kumarakom,5,22,60,1
Kumarakom,6,22,60,0
Alleppey,7,25,53,0
Gangtok,8,24,63,0
Nagzira,7,22,60,0
Tarkarli,5,20,60,0
Orchha,5,20,53,0
Sunderbans,9,22,58,1
Jog,6,20,59,0
Jawai,6,20,52,0
Kudremukh,6,20,53,0
Nainital,8,24,55,1
Kumarakom,5,22,59,1
Mumbai,8,24,59,1
Kumarakom,9,19,59,0
Digha,5,19,54,0
Jaisalmer,6,24,55,1
Shillong,6,24,65,1
Auroville,7,25,59,1
Nubra,8,26,59,1
Khajuraho,8,20,53,0
Coorg,5,25,60,1
Rishikesh,6,19,52,0
Wayanad,7,23,59,0
Agumbe,5,22,56,0
Pichavaram,9,26,64,1
Kumarakom,5,19,54,0
Wayanad,7,24,54,0
Havelock,9,26,59,0
Kalpetta,6,24,59,1
Dzukou,6,28,59,1
Sundarbans,10,26,58,1
Rajasthan,9,28,64,1
Thekkady,6,19,53,0
Tarkarli,5,24,59,0
Namdapha,8,21,54,1
Almora,8,25,62,1
Sambhar,6,23,55,0
Jim,6,20,54,0
Gandikota,5,20,63,0
Kanha,6,22,63,0
Varanasi,6,22,60,0
Kumarakom,5,19,54,0
Munnar,5,23,59,1
Wayanad,9,23,65,0
Yelagiri,6,21,62,0
Udaipur,8,19,64,0
Dzukou,7,27,54,1
Kutch,8,23,60,1
Periyar,5,19,58,0
Kalpetta,14,24,59,1
Digha,7,27,59,0
Zanskar,6,19,53,0
Hampi,8,27,59,1
Pulicat,5,24,60,0
Coonoor,6,21,54,0
KutchRann,6,25,63,1
Gangtok,7,26,61,1
Hampi,6,24,62,0
Munnar,8,21,65,1
Digha,9,26,62,1
Agra,14,23,64,1
Coonoor,8,22,58,1
Kolukkumalai,5,28,61,1
Kutch,6,20,54,0
Havelock,6,19,53,0
Darjeeling,5,24,58,1
Silent,8,28,62,1
Dhanushkodi,8,26,55,1
Almora,5,19,55,0
Agra,5,19,52,0
Karnala,5,25,61,0
Chennai,5,22,54,0
Mumbai,9,28,59,1
Khajuraho,6,27,64,1
Kasol,9,28,63,1
Kabini,16,24,58,0
Goa,7,23,63,1
Pushkar,6,24,53,0
Agumbe,9,24,62,1
Gangtok,10,28,63,1
Bhedaghat,5,19,53,0
Rajkot,6,28,59,1
Araku,6,25,55,0
Kalpetta,8,27,59,1
Dzukou,5,20,64,1
Gangotri,6,23,59,0
Halebid,7,26,60,1
Silent,7,26,59,1
Varanasi,6,23,53,0
Lakshadweep,6,19,59,0
Kalimpong,7,23,59,0
Kaziranga,6,22,52,0
Nainital,9,22,58,1
Dandeli,5,21,58,0
Mahabaleshwar,5,19,53,0
Nubra,9,26,62,1
Pushkar,5,19,52,0
Dandeli,8,25,62,1
Auli,6,22,53,0
Wayanad,7,24,60,1
Gavi,5,19,53,0
Khajuraho,5,25,52,0
Ooty,5,23,58,1
Kalimpong,7,27,64,1
Gangtok,8,24,59,1
Malana,7,19,53,0
Pachmarhi,12,22,58,0
Bhimbetka,6,20,59,1
Pangong,8,21,54,0
Gir,6,23,63,0
Gandikota,8,24,60,1
Kolukkumalai,9,28,61,1
Gavi,8,25,59,1
Pushkar,8,24,59,1
Silent,5,19,58,0
Kaziranga,5,20,54,0
Cherrapunji,8,26,63,1
Mahabaleshwar,7,28,63,1
Gangotri,6,19,54,0
Lakshadweep,5,23,53,0
Kolukkumalai,6,24,54,1
Chikmagalur,5,19,55,0
Yercaud,5,21,53,0
Lakshadweep,5,24,56,0
Lakshadweep,6,25,56,0
Chikmagalur,6,23,56,0
Kumarakom,6,25,61,1
Pangong,9,28,65,1
Gangtok,8,27,63,1
Yelagiri,9,26,60,1
Neil,9,23,59,1
Gavi,5,23,63,0
Meghalaya,7,19,53,0
Kotagiri,6,19,52,0
Pichavaram,6,23,60,0
Majuli,8,27,58,1
Neil,7,26,60,1
Lakshadweep,6,24,58,1
Agatti,9,26,64,1
Gokarna,10,28,63,1
Gir,7,24,59,0
Chikmagalur,7,22,63,0
Kodaikanal,9,24,64,0
Kaziranga,5,23,58,0
Dzukou,7,24,64,1
Hogenakkal,7,23,62,1
JimCorbett,7,25,62,0
Mandu,8,24,60,1
Periyar,8,23,63,1
Puri,10,25,62,1
Chikhaldara,10,25,65,1
Rajkot,6,28,63,1
Kodaikanal,8,23,65,1
Dandeli,7,23,60,1
Thekkady,6,25,62,1
Dandeli,7,22,58,0
Shimla,6,25,52,0
Matheran,5,24,59,1
Dhanushkodi,5,20,53,0
Rishikesh,5,20,53,0
Gurez,5,19,56,0
Kalpetta,7,22,61,1
Andaman,7,23,61,0
Shillong,8,21,63,1
Bandipur,5,19,52,0
Agumbe,7,19,52,0
Halebid,6,19,52,0
Kaziranga,5,24,55,0
Kasol,5,24,63,0
Tadoba,8,21,53,1
Pichavaram,5,22,59,0
Kaziranga,6,24,57,0
Hogenakkal,6,19,52,0
Alleppey,9,28,62,1
Kaziranga,7,20,58,1
Almora,6,20,54,0
Jaisalmer,6,23,59,0
Valley,6,22,59,0
Kumarakom,7,19,54,0
Nubra,7,26,60,1
Auli,7,25,64,1
Hampi,5,22,55,0
Udaipur,8,27,60,1
Puri,8,23,64,1
Tawang,5,21,53,0
Pachmarhi,6,19,56,0
Halebid,13,24,55,0
Coonoor,5,19,53,0
Zanskar,7,22,65,1
Alleppey,6,25,65,1
Sakleshpur,5,24,63,0
Dandeli,7,19,54,0
Jaisalmer,6,19,55,0
Darjeeling,8,25,62,1
Pahalgam,6,23,52,1
Loktak Lake,7,24,65,1
Wayanad,9,27,63,1
Kanha,5,26,59,0
Agra,5,20,58,1
Gokarna,12,26,61,1
Bandhavgarh,7,23,59,0
Valley,8,28,59,1
Kudremukh,9,28,59,1
Coorg,6,26,54,0
Havelock,8,28,55,1
Kalpetta,6,20,53,0
Lakshadweep,6,24,54,0
Kovalam,6,23,63,1
Gokarna,5,19,52,0
Gurez,5,19,56,0
Gangotri,6,19,52,0
Kaziranga,8,19,54,0
Pondicherry,8,28,60,1
Dandeli,6,24,53,0
Corbett,5,19,59,0
Nagaland,9,26,64,1
Agatti,6,19,54,0
Kanyakumari,5,23,64,0
Velas,6,20,53,0
Pondicherry,5,19,52,0
Delhi,6,19,54,0
Cherrapunji,7,26,64,1
Kurangani,8,25,64,1
Gir,5,19,54,0
Kasol,6,23,61,1
Sakleshpur,5,20,58,0
Kabini,6,19,55,0
Bandipur,6,20,52,0
Hemis,6,21,57,0
Kaziranga,7,27,59,1
Kanha,7,26,60,1
Kutch,8,26,62,1
Zanskar,6,23,58,0
Simlipal,5,23,65,0
Silent,5,21,55,0
Khajuraho,8,26,62,1
Kalimpong,8,27,58,1
Halebid,6,21,62,1
Gavi,8,24,58,1
Kaziranga,6,22,55,1
Pulicat,7,28,64,1
Corbett,6,19,62,0
Pondicherry,7,22,62,0
Kalimpong,5,22,55,0
Rajasthan,8,26,59,1
Lakshadweep,8,24,59,0
Wayanad,6,23,59,0
Poovar,7,25,59,0
Nubra Valley,5,19,53,0
Sundarbans,8,26,65,1
Loktak Lake,6,19,54,0
Gangotri,8,22,60,1
Kumarakom,5,20,56,1
Kovalam,6,22,59,1
Kanatal,5,19,54,0
Sariska,8,26,58,1
Athirapally,5,25,61,0
Andaman,9,27,58,1
Silent,8,25,62,1
Tawang,6,19,55,0
Hogenakkal,6,26,58,0
Gokarna,6,20,59,0
Chitrakoot,7,20,59,0
Valley,6,19,58,0
Valley,6,24,56,1
Delhi,8,25,61,1
Cherrapunji,7,26,65,1
Nagaland,7,25,63,0
Andaman,6,19,52,0
Varanasi,9,26,54,1
Kumarakom,6,21,54,0
Kaziranga,6,19,52,0
Matheran,7,26,65,1
Nubra,8,23,65,1
Chikhaldara,5,24,54,0
Pachmarhi,5,23,62,0
Halebid,6,23,63,1
Thekkady,6,22,59,1
Kanatal,5,21,55,0
Gir,6,19,54,0
Cherrapunji,5,22,56,0
Kolad,7,27,60,1
Kaziranga,5,19,54,0
Almora,9,23,58,0
Araku,10,26,59,1
Kalpetta,7,22,59,1
Shimla,8,27,61,1
Orchha,5,20,53,0
Wayanad,9,23,62,1
Pachmarhi,6,26,58,0
Coonoor,8,27,64,1
Kanha,9,27,62,1
Silent,6,25,64,1
Lachung,9,23,64,1
Kumarakom,5,23,64,0
Dandeli,5,24,55,0
Nubra Valley,14,22,52,0
Pichavaram,7,25,53,0
Mysore,8,27,62,1
Goa,9,27,60,1
Pichavaram,5,19,59,0
Kudremukh,7,21,54,0
MountAbu,8,26,63,1
Nubra Valley,9,25,59,1
Loktak Lake,6,20,62,1
Kumarakom,8,26,55,0
Rishikesh,7,22,58,0
Mysore,5,22,62,0
Kasol,6,22,54,0
Rajkot,7,25,60,1
Munnar,6,21,54,0
Coorg,7,23,63,0
Kalpetta,5,25,61,1
Gokarna,6,21,54,0
Chikhaldara,6,23,65,1
Kutch,8,25,63,1
Nainital,7,22,61,1
Andaman,5,21,59,0
Kaziranga,7,22,61,0
Delhi,6,25,63,1
ChampanerPavagadh,15,27,63,1
Periyar,9,20,54,1
Kutch,8,24,60,0
Nubra,9,26,63,1
Leh,5,19,52,0
Coonoor,7,24,62,0
Andaman,9,25,62,1
Puri,6,20,54,0
Kumily,7,24,58,1
Udaipur,6,22,59,1
Coonoor,5,23,53,0
Periyar,6,27,62,1
Ranikhet,8,24,64,1
Shimla,6,22,63,0
Gandikota,7,19,55,0
Gokarna,10,25,59,1
Velas,14,26,60,1
Hogenakkal,7,24,62,1
Loktak Lake,6,19,52,0
Kaziranga,6,23,58,0
Shimla,8,27,63,1
Hogenakkal,8,28,64,1
Mawlynnong,6,19,54,0
Jaisalmer,6,19,59,0
Corbett,5,19,54,0
Dandeli,5,19,52,0
Bhimbetka,5,19,55,0
Kumarakom,5,20,59,0
Mysore,8,27,64,1
Munnar,9,21,63,1
Wayanad,6,23,55,0
Leh,12,25,62,0
Kutch,9,21,64,1
Rishikesh,7,23,58,0
Coorg,9,27,60,1
Pulicat,6,23,58,0
Sakleshpur,6,26,65,1
Coonoor,6,22,52,0
Horsley,8,26,59,1
Wayanad,6,21,52,0
Varanasi,7,22,60,0
Sundarbans,6,20,54,0
Kurangani,8,28,59,1
Kanha,7,23,59,1
Chikmagalur,5,19,53,0
Ziro,5,22,54,0
Chikhaldara,6,25,59,1
KutchRann,7,27,60,1
Coorg,5,21,54,1
Nubra,16,27,62,1
Mumbai,9,26,62,1
Alleppey,6,23,59,0
Dandeli,8,23,54,1
Nainital,15,23,55,1
Hemis,6,19,53,0
Orchha,5,27,60,1
Chitrakoot,9,24,63,1
Nubra Valley,5,21,52,0
Hogenakkal,7,24,64,1
Kalpetta,6,24,55,0
Sambhar,6,27,59,0
Majuli,6,19,57,0
Gokarna,9,23,53,0
Cherrapunji,6,19,55,0
Gokarna,9,20,65,0
Kasol,8,26,65,1
Dandeli,6,20,54,0
Valley,8,25,64,1
Neil,8,27,63,1
Gangtok,8,21,61,1
Wayanad,6,19,53,0
Bhimbetka,6,19,52,0
Kolukkumalai,6,19,52,0
Nubra Valley,6,20,63,0
Kanha,5,24,57,0
Halebid,6,23,60,1
Karnala,6,23,59,0
Lakshadweep,6,19,52,0
Sakleshpur,6,20,61,1
Lakshadweep,7,26,61,1
Khajuraho,6,22,59,0
Kudremukh,7,28,59,1
Dudhsagar,7,25,65,1
Zanskar,5,20,52,0
Tadoba,6,22,56,0
Panna,9,25,63,1
Delhi,9,26,60,1
Munnar,5,25,59,0
Jaipur,7,23,60,1
Darjeeling,9,28,61,1
Chitrakoot,6,24,59,0
Rishikesh,6,25,58,1
Kasol,7,19,57,0
Bhimbetka,8,20,58,1
Dandeli,5,19,54,0
Yercaud,8,25,63,1
Rishikesh,9,25,61,1
Rajasthan,5,19,59,0
Kovalam,6,22,54,0
Kotagiri,7,25,64,1
Hogenakkal,7,24,59,1
Silent,8,25,63,1
Agumbe,6,24,64,0
Wayanad,7,23,59,1
Gangtok,6,26,61,1
Kolkata,6,19,54,0
Neil,9,20,59,0
Gandikota,5,23,59,0
Kumarakom,6,22,52,0
Wayanad,5,20,53,0
Rishikesh,7,24,54,0
Tawang,8,23,58,0
Ooty,8,26,60,1
Valley,6,22,62,0
Gangtok,6,20,59,1
Bandhavgarh,5,21,59,1
Hemis,7,27,64,1
Rishikesh,6,21,55,0
Kanha,9,26,61,1
Valparai,6,20,54,0
Karnala,7,19,53,0
Silent,9,25,63,1
Gangotri,6,23,58,1
Ranikhet,5,22,54,0
Valley,5,25,52,0
Panna,8,26,63,1
Silent,8,26,59,1
Neil,9,28,62,1
Kalpetta,8,25,58,1
Chikmagalur,14,28,62,0
Dandeli,6,19,54,0
Majuli,6,19,54,0
Dandeli,7,22,54,0
Gangotri,10,27,65,1
Periyar,5,19,53,0
Neil,6,19,56,0
Araku,7,19,61,1
Kumily,6,23,57,0
Hemis,6,23,60,1
Kovalam,5,25,55,0
Yercaud,6,23,53,0
Mandu,8,26,61,1
Corbett,5,19,58,0
Matheran,5,19,52,0
Kaziranga,6,19,53,0
Kaziranga,5,22,60,1
Ooty,5,23,54,0
Periyar,6,25,57,0
Digha,8,27,58,1
Chikhaldara,16,23,64,1
Mawlynnong,6,25,61,1
Udaipur,6,21,54,0
Chikmagalur,8,25,63,1
Rajasthan,6,19,52,0
Gokarna,6,21,53,0
Gokarna,6,25,54,0
Silent,7,26,59,1
Coonoor,5,23,52,0
Mysore,6,27,64,1
Valley,7,24,54,1
Kumily,8,25,59,1
Pichavaram,5,19,56,0
Dudhsagar,6,19,52,0
Pulicat,8,23,62,1
Kalpetta,6,21,54,0
Loktak Lake,5,20,52,0
Ladakh,8,27,61,1
Shillong,10,26,65,1
Athirapally,5,20,53,0
Pondicherry,5,23,61,0
Kanatal,6,21,58,0
Neil,6,22,62,0
Nubra Valley,7,19,53,0
Andaman,9,25,64,1
Khajuraho,6,22,59,0
Bhedaghat,6,23,53,0
Kanyakumari,6,19,54,0
Jaisalmer,8,20,58,0
Panna,6,19,59,0
Karnala,6,24,58,0
Jog,6,19,53,0
Rishikesh,5,23,59,0
Dandeli,5,24,54,0
Darjeeling,9,25,60,1
Gir,6,19,52,0
Leh,6,19,55,0
Pahalgam,8,23,60,1
Yercaud,8,27,60,1
Lachung,9,20,61,0
Kodaikanal,5,22,52,0
Andaman,5,19,54,0
Coonoor,6,26,63,1
Pahalgam,15,24,59,1
Silent,6,23,59,1
Periyar,7,23,58,0
Zanskar,6,24,59,0
Sunderbans,6,23,52,0
Kaziranga,8,21,55,0
Kudremukh,8,25,60,1
Ranthambore,9,27,58,1
Pondicherry,7,22,52,0
Sariska,5,22,53,0
Yumthang,6,23,59,0
Bhedaghat,6,22,55,0
Gangotri,5,23,59,0
Pangong,8,26,63,1
Gangtok,8,26,58,1
Agumbe,7,23,58,1
Mumbai,9,25,63,1
Wayanad,8,23,53,0
Coorg,8,28,60,1
Sariska,10,28,60,1
Jaisalmer,5,19,56,0
Spiti,5,20,54,0
Dzukou,5,22,54,0
Mandu,6,23,59,0
Kumarakom,6,23,54,0
Jim,5,20,54,0
Gandikota,8,28,63,1
Chikhaldara,7,26,60,1
Agra,6,19,53,0
Coorg,6,25,61,1
Bandipur,6,22,56,0
Hampi,5,23,55,1
Dandeli,6,21,52,0
Kumarakom,8,27,60,1
Hemis,8,27,62,1
Poovar,6,25,58,1
Gir,6,20,53,0
Panna,8,26,64,1
Kumily,8,23,59,1
Bandipur,7,22,61,0
Andaman,8,24,59,1
Lakshadweep,6,20,52,0
Gavi,8,25,63,0
Alleppey,6,26,59,1
Sundarbans,6,20,58,0
Auli,8,19,60,1
Sunderbans,5,20,53,0
Kolad,8,25,59,1
Jaipur,16,23,64,0
Kolukkumalai,6,25,59,1
Gir,9,22,63,0
Jog,5,22,54,0
Cherrapunji,7,28,62,1
Udaipur,6,20,64,1
Lachung,7,23,56,0
Matheran,5,22,65,0
Pichavaram,5,21,54,0
Horsley,6,24,60,0
Kalimpong,6,24,61,1
Mahabaleshwar,12,20,55,0
Cherrapunji,8,20,53,0
Chikmagalur,8,26,63,1
Pondicherry,9,25,55,0
Rishikesh,6,27,59,1
Kolukkumalai,6,26,62,1
Spiti,8,23,59,1
Puri,6,26,59,1
Ranikhet,8,24,63,1
Leh,8,23,60,0
Bandipur,6,25,56,0
Ranikhet,7,23,54,0
Dawki,14,25,65,1
Periyar,6,23,58,0
Kalimpong,8,28,65,1
Loktak Lake,7,28,62,1
Khajuraho,7,23,58,0
Kanyakumari,13,22,63,1
Horsley,8,26,60,1
Jim Corbett Nationa,9,27,62,1
Andaman,5,23,61,1
Mandu,8,23,61,1
Gavi,9,27,60,1
Kasol,9,25,64,1
Zanskar,9,26,64,1
Gavi,8,23,59,1
Valparai,6,24,58,1
Manali,8,28,61,1
Shillong,6,22,64,1
Gokarna,5,19,54,0
Valley,6,19,53,0
Hampi,6,21,52,0
Andaman,8,27,59,1
Kaziranga,6,22,52,0
Valley,8,26,64,1
Pangong,5,22,53,0
Silent,8,26,65,1
Pondicherry,6,21,60,0
Gokarna,6,24,60,0
Rajasthan,5,21,53,0
Kanha,9,26,64,1
Ooty,8,27,65,1
Meghalaya,10,24,61,1
Sambhar,6,22,63,1
Kotagiri,5,20,55,0
Varanasi,5,19,53,0
Gokarna,6,22,59,0
Sundarbans,6,19,52,0
Udaipur,5,22,54,0
Gokarna,7,19,55,0
Tadoba,6,28,64,1
Kutch,8,24,63,1
Sunderbans,8,22,63,0
Pachmarhi,7,23,54,0
Dzukou,7,24,63,1
Agumbe,6,21,53,0
Kaziranga,5,22,54,0
Andaman,9,24,59,1
Sakleshpur,5,19,54,0
Valparai,5,19,58,0
Simlipal,7,25,58,1
Jim Corbett Nationa,6,20,55,0
Kabini,9,25,63,1
Nanda,7,24,59,0
Pachmarhi,10,20,54,0
Pondicherry,6,25,60,0
Loktak Lake,8,27,60,1
Cherrapunji,11,23,59,1
Coonoor,9,28,64,1
Kanha,8,28,59,1
Mahabaleshwar,9,28,65,1
Chitrakoot,6,24,54,0
Wayanad,13,23,58,1
PenchPark,7,24,57,0
Kumarakom,7,21,52,0
Lakshadweep,6,19,58,0
Malana,8,23,58,1
Agra,9,25,58,0
Gavi,8,22,65,1
Ladakh,6,21,52,0
Kumarakom,5,19,53,0
Matheran,5,23,60,0
Kovalam,5,21,54,0
Puri,7,21,54,0
Wayanad,9,25,61,1
Valley,6,25,58,0
Nagzira,9,24,62,1
Gokarna,8,26,64,1
Periyar,5,26,62,1
Havelock,8,27,64,1
Nainital,5,19,54,0
Agra,6,24,60,0
Simlipal,5,28,52,0
Pachmarhi,6,24,60,1
Poovar,6,19,59,0
Bhimbetka,14,20,64,1
Dudhsagar,6,19,54,0
Halebid,5,19,53,0
Kanha,7,24,54,0
Darjeeling,7,22,61,0
Dandeli,6,20,59,0
Kolukkumalai,8,24,64,1
Digha,8,23,62,1
Hogenakkal,9,25,59,1
Jog,6,21,54,0
Thekkady,6,24,58,1
Karnala,10,28,64,1
Chikhaldara,6,23,59,1
Cherrapunji,5,19,54,0
Dandeli,6,21,53,0
Karnala,6,22,65,1
MountAbu,6,19,52,0
Pangong,9,26,63,1
Matheran,5,20,54,0
Auroville,7,23,61,1
Kumarakom,6,24,53,0
Khajuraho,9,23,62,1
Shillong,15,25,60,1
Havelock,8,27,59,1
Agra,5,27,59,0
Kaziranga,7,25,62,1
Mandu,5,23,63,1
Kotagiri,5,26,61,0
Sunderbans,16,27,58,1
Rajasthan,7,23,58,0
Tadoba,12,25,61,1
Jim Corbett Nationa,8,24,58,1
Tarkarli,8,27,53,1
Delhi,5,23,58,0
Kovalam,13,23,60,1
Kalimpong,6,21,55,0
Dandeli,7,19,53,0
Thekkady,8,25,60,1
Hampi,9,25,60,1
Kumarakom,6,26,58,0
Nainital,6,19,53,0
Sambhar,5,19,53,0
Dandeli,6,20,53,0
Athirapally,6,23,60,0
Zanskar,8,26,65,1
Dzukou,8,24,59,1
Pichavaram,6,19,54,0
Mysore,8,24,60,1
Loktak Lake,5,19,54,0
Silent,8,26,59,1
Gavi,7,26,58,1
Gokarna,8,26,63,0
Dhanushkodi,6,24,59,0
Silent,6,24,59,1
Agumbe,6,25,60,1
Dzukou,5,26,58,1
Ladakh,6,19,52,0
Nagaland,8,22,59,0
Havelock,8,24,59,1
Kolkata,10,28,63,1
Nubra,6,26,58,1
Valparai,12,24,64,1
Bandhavgarh,6,23,64,1
Coorg,6,21,59,1
Nanda,8,26,58,1
Cherrapunji,5,20,54,0
Mysore,9,25,60,1
Gokarna,6,19,54,0
Kumarakom,5,25,53,0
Hampi,13,20,52,0
Lakshadweep,7,24,64,0
Kasol,9,28,65,1
Darjeeling,9,25,63,1
Rajasthan,13,27,60,1
Valparai,9,25,65,1
Digha,9,27,64,1
Ranthambore,9,24,63,1
Gavi,6,25,59,1
Pangong,7,28,64,1
Kolukkumalai,9,28,59,1
Simlipal,9,23,58,0
Jawai,8,22,54,1
Kutch,8,25,63,1
Kumarakom,5,20,54,0
Sundarbans,9,26,65,1
Loktak Lake,8,24,58,0
Khajuraho,8,24,63,1
Manali,7,26,57,1
Sundarbans,9,23,57,1
Kalpetta,5,24,56,0
Andaman,8,26,57,1
Rishikesh,6,24,59,1
Velas,9,27,60,1
Valparai,9,25,61,1
Rishikesh,7,23,62,1
KutchRann,5,22,58,0
Athirapally,5,20,52,0
Gavi,6,26,60,1
Rajasthan,9,25,60,1
Yumthang,8,27,62,1
Sundarbans,5,23,54,0
Gurez,9,25,59,1
Kolad,6,24,55,0
Kanha,5,20,57,0
Periyar,6,19,56,0
Kanyakumari,8,26,64,1
Kabini,8,24,60,0
Dhanushkodi,7,24,62,1
Rajkot,6,26,62,1
Dzukou,6,19,54,0
Thekkady,6,24,62,0
Coorg,5,24,53,0
Matheran,8,23,55,0
Andaman,6,21,59,0
Ooty,9,19,57,1
Panna,6,27,59,1
Agra,9,25,62,1
Periyar,6,23,58,0
Gavi,5,21,60,0
Gokarna,7,27,64,1
Kasol,7,25,63,1
Agumbe,6,19,53,0
Ranthambore,7,24,57,1
Kolukkumalai,7,23,63,0
Sariska,6,23,55,0
Matheran,7,22,64,0
KutchRann,8,27,64,1
Velas,14,25,60,1
Malana,8,23,63,1
Kumarakom,5,19,62,0
Kotagiri,6,19,52,0
Kanha,8,25,64,1
Agra,8,25,59,1
Periyar,5,20,52,0
Bhedaghat,8,27,59,1
Kotagiri,5,22,54,0
Majuli,6,23,60,1
Hampi,7,25,60,1
Rishikesh,7,22,57,0
Rishikesh,6,22,59,0
Valley,15,23,53,1
Almora,6,22,62,1
Spiti,5,26,53,0
MountAbu,7,22,63,0
Kaziranga,5,19,52,0
Lakshadweep,8,21,63,1
Varanasi,5,19,52,0
Pachmarhi,9,24,59,0
Majuli,9,28,64,1
Bandhavgarh,6,24,60,0
Kaziranga,5,19,53,0
Pichavaram,6,22,54,0
Kanyakumari,5,24,59,0
Kumarakom,6,22,54,0
Gokarna,5,20,54,0
Coorg,6,20,61,0
Dhanushkodi,6,22,53,0
Malana,6,23,63,0
Periyar,5,24,59,0
Jog,5,23,61,0
Bandhavgarh,8,26,65,1
Gir,6,19,53,0
Tawang,7,25,59,0
Silent,9,27,59,1
Pushkar,8,27,64,1
Nubra Valley,10,25,60,1
Kaziranga,8,23,62,1
Jaipur,9,26,59,1
Gavi,6,24,60,1
Ranikhet,6,28,59,1
Rajkot,7,28,60,1
Velas,6,21,59,0
Kalimpong,5,22,63,1
Hampi,5,19,55,0
Cherrapunji,7,23,58,1
Mandu,6,19,54,0
Sundarbans,6,27,62,1
Hampi,5,20,56,0
ChampanerPavagadh,7,23,64,1
Yelagiri,5,20,55,0
Lakshadweep,9,24,60,1
Pangong,6,19,58,1
Gavi,8,27,61,1
Kaziranga,5,19,54,0
Khajuraho,6,19,56,0
Pondicherry,8,23,64,1
Nubra Valley,5,19,58,1
Horsley,6,27,59,1
Thekkady,6,22,63,0
Kalimpong,8,25,60,1
Kaziranga,6,20,57,0
Auli,5,23,53,0
Gangtok,6,20,62,0
Pondicherry,6,21,53,0
Dandeli,10,23,63,0
Namdapha,6,20,55,0
Nubra,5,25,56,1
Gangtok,6,23,63,0
Gandikota,6,19,56,0
Kumarakom,6,22,54,0
Hampi,6,20,55,0
Wayanad,14,21,64,1
Majuli,5,23,60,0
Agumbe,9,26,63,1
Panna,5,19,52,0
Delhi,7,22,55,1
Shimla,7,28,64,1
Ziro,8,27,64,1
Kaziranga,5,19,55,0
Bhimbetka,6,19,52,0
Gavi,8,22,61,1
Ooty,7,20,53,0
Varanasi,5,19,52,0
Kaziranga,6,23,55,0
Coorg,5,25,59,0
Bandipur,7,23,56,1
Agra,5,23,60,0
Valparai,5,19,55,0
Chikmagalur,9,22,59,1
Shimla,9,24,60,1
Rajkot,7,23,58,1
Pichavaram,5,24,63,1
Kumarakom,6,23,53,0
Silent,8,24,65,1
Auroville,8,22,52,0
Thekkady,6,22,64,0
Kalpetta,8,21,54,0
Kodaikanal,5,19,55,0
Dandeli,6,22,54,0
Nainital,6,24,60,0
Silent,8,22,59,0
Auli,5,23,52,0
Varanasi,6,22,62,1
Gangtok,7,24,60,1
Bandipur,5,19,54,0
Shimla,7,26,64,0
Kutch,6,21,52,0
Malana,6,19,53,0
Gurez,8,24,59,1
Kolkata,9,25,60,1
Kovalam,5,19,54,0
Kudremukh,5,21,56,0
Karnala,6,24,62,1
Kaziranga,6,19,59,0
Gangotri,9,28,64,1
Zanskar,7,23,58,0
Jaipur,6,23,61,0
Dhanushkodi,5,19,54,0
Loktak Lake,6,20,53,0
Kaziranga,9,25,63,1
Tawang,7,28,64,1
Rajasthan,9,27,58,1
Hogenakkal,8,27,61,1
Kumarakom,6,25,58,0
Hampi,5,26,55,0
Tarkarli,9,28,65,1
Cherrapunji,9,24,61,1
Ziro,6,21,59,0
Dawki,6,20,52,0
Pahalgam,8,19,59,0
Rajasthan,5,19,53,0
Udaipur,5,19,54,0
Nainital,5,25,60,1
Puri,5,19,53,0
Rishikesh,7,21,58,0
MountAbu,6,21,54,0
Gandikota,5,19,52,0
Yumthang,9,27,59,1
ChampanerPavagadh,8,28,61,1
Coorg,5,20,55,0
KutchRann,8,26,54,1
Yercaud,5,20,56,0
Auli,6,24,55,0
Cherrapunji,5,19,54,0
ChampanerPavagadh,9,27,60,1
Chikhaldara,9,28,61,1
Pichavaram,5,19,55,0
Cherrapunji,6,23,59,0
Yumthang,9,28,60,1
Agumbe,8,24,64,1
Silent,9,24,65,1
Andaman,7,26,63,1
Mahabaleshwar,5,20,60,0
Kanatal,6,25,59,0
Pachmarhi,6,23,55,0
Jim Corbett Nationa,9,27,64,1
Mumbai,7,24,62,0
Ranthambore,5,24,55,0
Khajuraho,8,19,52,0
Kanha,5,25,59,0
Auroville,7,28,60,1
Gangtok,5,24,55,1
KutchRann,6,19,58,0
Kodaikanal,6,26,59,1
Pahalgam,5,19,56,0
Namdapha,5,19,54,0
Spiti,5,20,53,0
Jaipur,9,27,64,1
Gokarna,5,22,52,0
Kurangani,9,22,61,1
Gavi,9,28,60,1
Velas,7,26,59,1
Kurangani,7,24,62,1
Horsley,8,23,63,1
Kaziranga,5,22,64,0
Lachung,6,22,55,0
Pondicherry,8,24,55,1
Khajuraho,8,25,58,1
Bhimbetka,16,26,64,1
Karnala,5,19,52,0
Gokarna,6,25,60,1
Nagzira,8,27,60,1
Shimla,5,22,58,0
Wayanad,7,20,53,0
Agumbe,7,20,59,1
Dawki,6,25,61,1
Gokarna,6,22,52,0
Kaziranga,7,19,54,0
Matheran,7,19,60,0
Gavi,9,28,63,1
Darjeeling,6,22,58,0
Kotagiri,6,23,52,0
Sundarbans,6,23,58,0
Kasol,5,19,53,0
Kumarakom,6,24,64,0
Mandu,9,23,64,1
Silent,8,25,65,1
Kanatal,5,22,62,0
Sundarbans,5,19,53,0
Yumthang,7,24,59,1
Kumarakom,7,25,57,1
Dandeli,13,23,54,1
Kanha,9,28,64,1
Chikhaldara,6,19,55,0
Dandeli,6,19,53,0
Mandu,7,25,58,0
Meghalaya,7,24,57,0
Leh,5,19,53,0
Chennai,6,23,54,0
Chikhaldara,6,20,53,0
Kaziranga,7,23,63,0
Nanda,11,22,58,0
Rajkot,10,24,62,1
Kaziranga,8,22,65,1
ChampanerPavagadh,9,25,62,1
Kodaikanal,6,21,53,0
Velas,9,24,63,1
Panna,8,22,65,1
Silent,9,25,65,1
Araku,8,27,58,1
Manali,8,28,59,1
Hampi,5,22,54,0
Almora,5,23,53,0
Rishikesh,6,24,62,0
Araku,9,24,64,1
Nagaland,9,28,62,1
Hampi,6,19,53,0
Tadoba,5,21,59,0
Sundarbans,9,27,63,1
Pondicherry,8,28,65,1
Khajuraho,7,26,58,1
Kaziranga,6,19,58,0
Gavi,16,21,62,1
Matheran,6,19,54,0
Pondicherry,8,20,56,0
Kaziranga,5,23,59,1
Goa,7,28,60,1
Pachmarhi,5,20,53,0
Jim Corbett Nationa,6,19,55,0
Dudhsagar,9,23,62,1
Dandeli,7,23,59,0
Kabini,6,23,53,0
Pushkar,9,27,64,1
Chitrakoot,6,19,52,0
Kumily,6,19,60,0
Gangtok,7,25,65,1
Panna,8,26,63,1
Pachmarhi,6,25,54,0
Havelock,8,23,65,1
Pahalgam,5,26,52,0
Kumarakom,6,28,59,1
Pulicat,8,26,57,1
Ranthambore,8,27,60,1
Yelagiri,6,19,54,0
Spiti,7,26,59,1
Ranthambore,7,24,59,1
Wayanad,15,24,59,1
Puri,7,23,60,1
Dhanushkodi,7,24,59,0
Sunderbans,6,20,52,0
Lakshadweep,5,21,52,0
Tadoba,6,22,52,0
Silent,7,23,61,1
Velas,9,23,59,1
Nainital,9,28,63,1
Coonoor,8,25,59,1
Hampi,6,22,55,1
Dandeli,5,19,54,0
Pondicherry,6,19,53,0
Halebid,5,20,57,0
Nainital,5,22,53,1
Gokarna,6,21,60,0
Coonoor,6,23,55,0
Malana,9,26,63,1
Tawang,6,22,58,1
Gavi,7,22,55,0
Agumbe,5,20,55,0
Spiti,7,23,59,0
Nanda,8,26,60,1
Wayanad,6,23,59,0
Dandeli,10,27,65,1
Puri,5,23,53,0
Tawang,16,23,63,1
Hogenakkal,7,25,61,1
Chikmagalur,9,27,62,1
Panna,8,24,61,1
Dzukou,6,19,54,0
Dhanushkodi,6,23,54,0
Kolukkumalai,5,23,59,0
Kaziranga,8,24,64,1
Auli,5,20,55,0
Thekkady,8,26,60,1
Varanasi,5,19,54,0
Dandeli,6,20,65,0
Ziro,9,24,65,1
Pulicat,9,24,64,1
Lakshadweep,6,21,53,0
Sunderbans,7,23,63,0
Kanha,6,25,54,0
Munnar,6,19,52,0
Kolukkumalai,8,27,65,1
Dzukou,8,26,63,1
Kanha,7,25,60,1
Kaziranga,7,24,58,0
Varanasi,5,25,57,0
Chitrakoot,7,27,62,1
Loktak Lake,8,26,60,1
Nainital,5,23,54,1
Kudremukh,8,21,59,0
Kalimpong,5,26,52,0
Rajasthan,6,19,55,0
Udaipur,8,22,59,0
Ziro,9,27,64,1
Andaman,6,24,59,0
Sambhar,6,24,61,1
Andaman,6,25,59,0
Lachung,8,24,63,1
Hampi,6,25,59,1
Gir,6,25,60,0
Kurangani,5,21,60,0
Dandeli,6,19,54,0
Darjeeling,16,24,62,0
Pichavaram,9,24,60,1
Andaman,9,23,60,1
Kaziranga,5,19,62,0
Kaziranga,7,21,54,0
Gavi,8,25,59,1
Havelock,8,26,63,1
Pahalgam,9,24,65,1
Matheran,5,20,54,0
Gokarna,6,22,59,0
Kanatal,13,23,62,0
Kurangani,6,26,62,1
Agumbe,7,23,60,0
Wayanad,7,21,52,0
Dzukou,7,26,59,0
Ladakh,7,26,64,1
Kodaikanal,6,21,55,0
Halebid,6,19,54,0
Periyar,7,19,52,1
Gokarna,6,19,52,0
Gavi,5,22,56,0
Lakshadweep,8,25,59,1
Coonoor,5,19,52,0
Chennai,9,26,65,1
Pachmarhi,8,24,60,1
Kolkata,6,24,58,1
Dandeli,6,24,64,0
Jawai,8,27,62,1
Ziro,8,23,60,1
Kaziranga,8,25,63,1
Chitrakoot,6,23,59,0
Pichavaram,7,25,60,0
Dandeli,6,19,52,0
Corbett,7,24,65,1
Pachmarhi,7,27,65,1
Coorg,7,27,62,1
Kanyakumari,11,27,63,1
Gavi,9,25,59,1
Neil,6,22,61,0
Zanskar,10,28,64,1
Cherrapunji,8,22,59,0
Pondicherry,14,26,63,1
Shillong,8,24,59,1
Khajuraho,7,23,59,0
Malana,7,27,59,1
Kodaikanal,5,19,54,0
Kalimpong,9,28,60,1
Coonoor,9,25,64,1
Kodaikanal,5,25,59,1
Bhedaghat,10,28,62,1
Kaziranga,6,19,59,0
Hemis,8,25,60,1
Kotagiri,6,19,53,0
Kotagiri,6,24,59,0
Silent,9,27,59,1
Kaziranga,8,22,59,1
Chikmagalur,9,28,63,1
Kovalam,5,19,54,0
Sunderbans,6,23,54,0
Ooty,7,28,63,1
Orchha,7,25,59,1
Simlipal,6,20,60,0
Ranthambore,10,26,63,1
Nubra,6,24,62,1
Hampi,9,25,62,1
Alleppey,6,19,52,0
Gangtok,8,25,63,1
Darjeeling,8,28,61,1
Kalpetta,8,27,60,1
Gurez,5,24,63,1
Athirapally,7,25,59,1
Nainital,5,26,59,0
Matheran,6,23,54,0
Rishikesh,6,19,55,0
Nubra,6,23,56,0
Gavi,6,23,60,1
Chikmagalur,5,22,58,0
Nainital,6,20,54,0
Leh,6,21,55,0
Kanha,9,23,55,0
Poovar,6,20,54,0
Gavi,8,25,59,1
Wayanad,14,19,53,0
Halebid,8,27,63,1
Gavi,5,21,58,1
Kalimpong,6,25,65,0
Havelock,6,21,60,1
Namdapha,5,19,59,0
Gangotri,10,27,59,1
Thekkady,6,24,60,0
Horsley,8,23,65,1
Rajasthan,8,20,54,0
Matheran,9,26,62,1
Wayanad,7,22,59,1
Mawlynnong,5,23,53,1
Kasol,6,25,59,0
Darjeeling,5,24,59,1
JimCorbett,5,23,62,0
Kalpetta,6,19,57,0
Chennai,5,23,58,0
Kutch,7,24,59,1
Andaman,7,19,53,0
Rishikesh,9,28,63,1
Pachmarhi,9,27,63,1
Gokarna,6,23,60,1
Gandikota,5,19,54,0
Athirapally,9,26,64,1
Gavi,8,26,61,1
Majuli,9,26,64,1
Gir,8,23,58,1
Kaziranga,5,24,63,1
Athirapally,6,23,55,0
Chikmagalur,6,20,60,0
Valley,8,22,59,0
Kotagiri,7,21,61,0
Manali,5,23,55,0
Ranthambore,7,24,52,0
Nubra,9,25,59,1
Simlipal,6,25,59,1
Coorg,9,27,62,1
Shimla,8,25,59,1
Spiti,8,24,53,0
Manali,7,27,63,1
Jim,5,22,57,0
Jog,7,28,62,1
Almora,8,27,63,1
Kolukkumalai,10,24,59,1
Munnar,8,27,63,1
Tawang,5,19,55,0
Bandipur,6,20,54,0
Simlipal,6,24,54,1
Wayanad,6,22,55,0
Sundarbans,6,24,58,0
Khajuraho,6,23,54,1
Neil,9,25,59,1
Kumily,5,19,53,0
Sakleshpur,6,23,53,0
Sakleshpur,6,27,59,0
Nubra,6,22,58,0
Rajkot,9,26,63,1
Periyar,5,22,58,0
Kovalam,5,19,52,0
Mawlynnong,6,19,54,0
Periyar,6,25,54,0
Dandeli,7,25,64,1
Ladakh,6,19,54,0
Sambhar,7,26,60,1
Namdapha,5,23,60,1
Nubra,9,19,52,0
Darjeeling,6,21,59,1
Loktak Lake,5,23,63,1
Kalpetta,8,26,59,1
Ooty,13,26,62,1
Nainital,5,24,63,0
Yelagiri,5,23,54,0
Gokarna,8,24,59,1
Pachmarhi,5,19,55,0
Khajuraho,14,22,59,0
Hampi,8,24,64,1
Kumarakom,5,25,62,0
Ziro,6,24,61,1
Velas,7,26,65,1
Pichavaram,7,21,55,0
Mahabaleshwar,6,20,52,0
Kabini,9,28,60,1
Puri,7,24,63,1
Udaipur,9,27,54,1
ChampanerPavagadh,6,25,58,1
Kanha,5,24,55,0
Khajuraho,6,22,55,0
Valley,9,26,61,1
Kolkata,6,23,56,0
Loktak Lake,7,24,61,1
Kumily,6,20,52,0
Sunderbans,9,24,59,1
Kumarakom,8,25,54,1
Cherrapunji,7,27,59,1
Coorg,6,19,52,0
Valparai,6,21,60,1
Majuli,5,25,59,1
Puri,6,19,58,0
ChampanerPavagadh,9,27,61,1
Namdapha,6,21,55,0
Pahalgam,8,26,58,1
KutchRann,8,28,59,1
Hemis,6,22,56,0
PenchPark,9,25,59,1
Ranthambore,7,25,54,0
Loktak Lake,8,27,59,1
Ranthambore,6,23,53,0
Manali,8,28,63,1
Pushkar,8,25,63,1
Mawlynnong,5,24,57,0
Poovar,8,24,59,1
Agatti,5,19,52,0
Ranikhet,5,19,55,0
Shillong,5,23,60,0
Kaziranga,6,22,54,0
Kalpetta,5,22,59,0
Zanskar,11,23,56,0
Kanha,7,24,59,1
Kumarakom,5,19,53,0
Kodaikanal,6,24,64,1
Kaziranga,5,19,52,0
Kolukkumalai,5,19,54,0
Yelagiri,6,25,56,0
Ooty,7,24,64,1
Sariska,8,26,63,1
Tarkarli,7,20,59,1
Auroville,5,23,59,0
Mumbai,8,24,63,1
Nubra,5,20,64,1
Kasol,8,26,59,1
Shillong,8,27,60,1
Coorg,6,24,59,0
Munnar,6,21,53,0
Silent,6,27,64,1
Sundarbans,7,23,59,1
Khajuraho,6,19,53,0
Nubra,5,23,59,0
Lakshadweep,6,22,54,0
Kanatal,5,22,56,1
Nagaland,6,21,64,1
Lachung,9,23,61,1
Khajuraho,5,23,54,1
Spiti,6,24,59,0
Tarkarli,9,27,59,1
Hampi,7,25,63,0
Kalimpong,8,28,63,1
Rajkot,7,24,53,0
Tarkarli,7,28,63,1
Nainital,5,19,52,0
JimCorbett,5,23,58,0
Kalpetta,9,21,59,1
Araku,6,23,60,0
Tawang,5,20,53,0
Gavi,7,25,59,0
Bhimbetka,7,25,60,1
Kaziranga,6,19,52,0
Gavi,6,24,54,0
Tarkarli,8,27,63,1
Gokarna,7,24,64,1
Nubra,5,21,52,0
Nainital,8,19,52,0
Kanyakumari,6,21,55,0
Kaziranga,5,19,55,0
Jog,8,24,61,1
Majuli,14,25,65,1
Sunderbans,8,27,64,1
Hogenakkal,6,20,58,0
Almora,7,25,59,0
Udaipur,10,24,62,1
Rishikesh,6,23,63,1
Pachmarhi,5,22,58,1
Dandeli,6,21,52,0
Periyar,7,19,54,0
Silent,7,25,63,1
Kolukkumalai,8,28,63,1
Silent,6,23,65,1
PenchPark,5,26,61,1
Kolkata,6,19,54,0
Majuli,6,22,53,0
Dzukou,8,26,61,1
Wayanad,8,27,65,1
Jim Corbett Nationa,8,25,59,1
Wayanad,6,24,54,0
Kudremukh,5,19,53,0
Nubra,16,24,60,1
Tarkarli,9,26,62,1
Ranikhet,6,19,53,0
Varanasi,6,23,58,0
Rishikesh,6,25,56,1
Mahabaleshwar,9,24,62,1
Darjeeling,6,23,56,0
Namdapha,5,24,55,0
Alleppey,8,27,62,1
Kaziranga,6,22,53,0
Sakleshpur,6,25,54,0
Nagaland,6,21,53,0
Cherrapunji,5,19,57,0
Bhedaghat,8,25,63,1
PenchPark,7,21,54,0
Nainital,5,19,52,0
Loktak Lake,9,23,65,1
Digha,9,25,58,1
Athirapally,8,28,59,1
Thekkady,7,28,59,1
Halebid,6,23,59,1
PenchPark,8,26,60,1
Mumbai,5,19,59,0
Periyar,7,21,53,0
Nubra,8,23,59,1
Rajasthan,5,23,52,0
Kovalam,6,24,62,1
Periyar,6,27,58,0
Wayanad,5,20,57,0
Bandipur,5,21,53,0
Pangong,8,25,59,1
Periyar,5,22,54,0
Gangotri,6,24,53,1
MountAbu,5,23,62,1
Ziro,5,20,55,0
Kumarakom,6,19,53,0
Andaman,9,23,58,1
Panna,5,19,54,0
Kudremukh,6,19,53,0
Nubra,9,27,60,1
Jim Corbett Nationa,7,25,62,1
Pachmarhi,6,21,59,0
Gokarna,8,27,63,1
Manali,8,28,58,1
Horsley,16,24,63,1
Hampi,5,23,60,0
Pachmarhi,7,27,60,1
Sambhar,6,22,61,0
Kumily,5,19,52,0
Almora,9,28,59,1
KutchRann,6,26,55,1
Digha,9,27,65,1
Ooty,7,25,59,0
Rishikesh,6,24,58,1
Kurangani,6,24,60,0
Gir,7,25,58,1
Tawang,5,27,60,1
Andaman,7,26,59,0
Agatti,5,21,54,0
Pachmarhi,9,27,60,1
Hogenakkal,5,25,59,0
Wayanad,6,22,55,0
Gavi,8,25,60,0
Kabini,6,28,60,1
Kumarakom,6,19,54,0
Halebid,6,24,64,1
Araku,8,24,59,1
Coorg,6,19,52,0
Pondicherry,6,19,53,0
Kalimpong,5,25,60,1
Chennai,6,23,56,0
Rishikesh,6,19,60,0
Kutch,5,25,64,0
Zanskar,6,22,60,0
Goa,5,21,59,0
Jaisalmer,5,19,52,0
Thekkady,5,25,61,0
Tarkarli,9,26,64,1
Velas,5,20,61,0
Rishikesh,7,22,60,0
Nagzira,6,21,54,0
Lachung,6,23,54,0
Sunderbans,15,21,55,0
Dhanushkodi,8,24,61,1
Majuli,9,28,59,1
Kalpetta,5,19,53,0
Dawki,9,25,60,1
Hampi,6,19,59,0
Rishikesh,6,24,61,0
Pachmarhi,7,24,60,1
Dzukou,6,19,55,0
Kolukkumalai,7,24,60,0
Kolkata,6,22,55,0
Kasol,9,22,61,1
Darjeeling,6,22,59,0
Manali,6,22,65,1
Kudremukh,5,20,53,0
Kalimpong,9,24,60,1
Jaisalmer,6,23,59,1
Pondicherry,8,24,59,0
Dzukou,8,24,61,0
Kaziranga,7,23,54,0
Zanskar,9,25,63,0
Kutch,8,26,65,1
Horsley,6,22,60,0
Kasol,9,27,61,1
Rishikesh,6,27,58,1
Kaziranga,5,20,54,0
Lakshadweep,7,20,59,0
Pachmarhi,5,21,59,0
Kasol,6,25,64,1
Zanskar,6,24,59,0
Kudremukh,5,19,53,0
Gangtok,5,21,60,1
Gavi,6,23,60,0
Agra,8,27,60,1
Valparai,5,26,60,1
Gavi,5,19,61,0
Spiti,6,23,56,0
Kumarakom,5,20,53,0
Gurez,5,24,55,0
Cherrapunji,9,25,60,1
Loktak Lake,7,24,53,1
Kodaikanal,5,19,54,0
Wayanad,6,24,63,1
Dhanushkodi,6,23,55,0
Kutch,9,27,61,1
Dzukou,6,24,55,1
Bandhavgarh,8,27,59,1
Kaziranga,6,19,53,0
Yercaud,6,19,52,0
Ranikhet,9,24,63,1
Coonoor,5,26,54,0
Horsley,10,25,63,1
Kotagiri,12,24,56,0
Valley,5,19,55,0
Yumthang,8,22,59,1
Dudhsagar,8,25,61,1
Lachung,5,26,62,1
Mawlynnong,6,22,57,0
Kutch,8,25,63,1
Yelagiri,5,19,53,0
Gurez,8,21,60,1
Auli,9,19,60,0
Dandeli,6,19,52,0
Kaziranga,6,22,53,0
Nagzira,7,26,63,1
Kotagiri,6,22,59,0
Periyar,5,20,55,0
Puri,6,19,55,0
Sakleshpur,10,26,61,1
Pachmarhi,6,20,54,0
Jaisalmer,5,22,61,0
Mumbai,8,27,63,1
Gurez,8,20,58,0
Andaman,5,20,52,0
Agatti,6,25,62,0
Kaziranga,5,19,53,0
Valley,6,24,62,0
Kutch,5,20,54,0
Kolkata,6,19,54,0
Pulicat,9,26,64,1
Ranthambore,8,28,64,1
Nanda,6,19,52,0
Gandikota,5,19,55,0
Wayanad,5,19,53,0
Havelock,9,26,65,1
Tarkarli,16,21,56,1
Andaman,8,20,59,0
Zanskar,8,25,59,1
Gavi,13,24,59,1
Kanha,10,23,61,1
Ranikhet,5,26,60,0
Kalimpong,6,25,58,0
Kutch,6,23,59,0
Loktak Lake,5,23,53,0
Kalimpong,14,22,52,1
Sakleshpur,6,19,59,0
Malana,7,27,63,1
Yumthang,5,24,59,1
Kalpetta,7,19,55,0
Coonoor,6,23,59,0
Kolukkumalai,10,24,62,1
Bandipur,5,21,59,1
Shillong,9,26,63,1
Poovar,8,24,62,1
Kalimpong,6,24,53,1
Horsley,5,24,58,0
Kumarakom,5,24,53,0
Sakleshpur,8,26,58,1
Pondicherry,7,24,62,1
Nagaland,9,28,64,1
Orchha,6,22,59,1
Corbett,9,23,64,1
Spiti,7,26,63,1
KutchRann,8,27,64,1
Pangong,5,20,53,0
Chikmagalur,5,20,54,0
Kolukkumalai,6,23,59,0
Nubra,9,23,62,1
Mandu,8,24,59,1
Kabini,6,25,61,1
Kolukkumalai,5,26,59,1
Jim Corbett Nationa,6,20,54,0
Pondicherry,5,21,54,0
Wayanad,7,23,64,1
Gangtok,9,27,61,1
Bhimbetka,9,24,61,1
Kolkata,9,27,63,1
Bhimbetka,7,27,59,1
Kumily,15,27,64,1
Kodaikanal,6,24,62,0
Periyar,5,20,55,0
Tarkarli,8,25,62,1
Valparai,9,24,60,1
Nainital,8,24,65,1
Hampi,6,22,53,0